{
  "iterations": 532,
  "deltas": [
    1,
    3.4808,
    4.0993518043530575,
    3.9524762084316856,
    2.5935513400572296,
    3.654364180954089,
    3.108327518551083,
    3.249320335089126,
    2.7971909913779687,
    2.170869053636264,
    2.1894036818216893,
    3.7232157185038517,
    2.7037689694716267,
    1.731737137112189,
    2.6431917249123913,
    2.9159760279581945,
    1.7519598988918013,
    1.320881825203113,
    1.2792253975359484,
    2.04086868016343,
    2.0496121538965735,
    1.928237851763413,
    1.2586214240655043,
    1.4855934591511852,
    1.6387150019995191,
    1.6786579671222057,
    1.7467349727396009,
    1.7845473121135118,
    1.3556596979151312,
    1.362363549118566,
    1.1720914358522379,
    1.1619803609148427,
    1.3229239953332819,
    1.111667878548138,
    1.4824806735665454,
    1.0564090869954406,
    2.05413859354603,
    0.625275265942264,
    1.2882351336370164,
    1.3201536974080001,
    0.6002465730633517,
    3.1307935853597053,
    1.374981929975755,
    1.185085451754528,
    1.667819029427081,
    0.9901513181137966,
    0.7283386725937646,
    1.1386473581593055,
    1.2340754747456337,
    1.6554374203130564,
    1.2596635976349848,
    1.3767534684098823,
    1.2432273227239037,
    1.097684867397632,
    1.4814820666879491,
    0.8274656945335339,
    0.7211818582756315,
    1.016161786337257,
    1.3116387850782125,
    0.291488268210097,
    0.7874024770067436,
    1.3226079999999998,
    1.0187939637796823,
    0.8468159461352016,
    2.1618092023247257,
    0.5694730391603962,
    0.7661344147476825,
    0.8555217847519696,
    0.9231093431638824,
    0.7164341817740247,
    0.6880838028928,
    0.5448537496102368,
    0.8368082365251333,
    1.0477663307849223,
    0.9110102920747991,
    0.23710818363104202,
    0.986053964312088,
    0.49956515694102777,
    1.2278593604223502,
    1.1175631212219805,
    0.782299877803494,
    0.5625301165070571,
    0.6433220580427372,
    0.7771660025905067,
    1.2920835162800126,
    1.0006393325633907,
    1.251867787342345,
    0.5742882632666682,
    0.46409688471861976,
    0.6184038234510307,
    0.588359864061669,
    0.7925071855836521,
    1.0866387314050616,
    0.2202654154655903,
    1.5930094080061057,
    1.3903764163158954,
    2.129249676529165,
    0.9002428016678437,
    0.1906845553052694,
    0.41237920754093693,
    0.9089792526948832,
    0.3174162545859982,
    0.5035466900382097,
    0.8601492293404647,
    0.5946229299595931,
    1.051503008268293,
    0.28313012465018517,
    0.9032140707383753,
    0.8686445971559147,
    0.4764292336789211,
    0.501498166324577,
    0.3233357757877737,
    0.2670939709440052,
    0.8463757703461887,
    0.45715096899328067,
    0.17186765375819313,
    0.6088249143476308,
    0.3690836478932056,
    0.8782227718332036,
    0.2669415991952686,
    0.4227858431999998,
    0.38170179718638586,
    0.3021340958178165,
    0.3731641536734571,
    0.43002965499460366,
    2.170008878833075,
    1.113617976417629,
    0.3577801236045559,
    0.25996764499152647,
    0.2970390412023516,
    0.07242722403071689,
    0.1498930003674257,
    0.25757468622393986,
    0.3327038699040106,
    0.18617760646451487,
    0.22752456390780118,
    0.5653262171591011,
    0.15032385535999992,
    0.887466746939749,
    0.8960791164977397,
    1.2807853991762368,
    0.37824661330684073,
    1.1851109014477945,
    0.2537283703344748,
    0.4522609882143076,
    0.29933906191946136,
    0.40735319213874455,
    0.1707522769399965,
    0.0962072674304002,
    0.7738298116126758,
    1.2151370805926032,
    0.5030928421482219,
    0.3060144832230023,
    0.0623405095846401,
    0.15840335102358338,
    1.9457807224492498,
    0.27900470079151063,
    0.10854737641878742,
    0.12920422677618681,
    0.10363422967553326,
    0.0513526077525146,
    0.6955645612678172,
    0.21342920940313093,
    0.05821696881593752,
    0.2613028802570625,
    1.070706821209308,
    0.1680859980268039,
    0.4672546686987946,
    0.7183646616679873,
    0.23699708783155415,
    0.6623602041364975,
    0.06301987376586915,
    0.07713879121662082,
    0.23288006407605621,
    0.8171902030429123,
    0.13102211031913136,
    0.05708721746085743,
    0.38622258293169054,
    0.28944704039811775,
    0.05318070134243236,
    0.29890927475088347,
    0.055824697809960355,
    0.20479864991231445,
    0.06414939630636862,
    0.0513195210423234,
    0.2391286354724187,
    1.466064108216031,
    0.5217972868023226,
    0.4013126646732985,
    0.020107935747585515,
    0.18524610596977098,
    0.07015824879181132,
    0.03919389982834787,
    0.19130336890252053,
    0.3454866032888013,
    0.03250259024336444,
    0.025298570866528536,
    0.10943514277517608,
    0.09262462649692971,
    0.13454296165318524,
    0.025814522039818044,
    0.23877037865361395,
    0.34674181102009705,
    0.03287620098373978,
    0.1530429277159353,
    0.07487565768617443,
    0.09354090234705836,
    0.8070976773610887,
    0.14645046254387495,
    0.1522667775123292,
    0.19587019431579122,
    0.048327205057040246,
    0.03460346508266632,
    0.2417861936239607,
    0.7096665364072603,
    0.5024522205943249,
    0.1560786087509971,
    0.6610063701851967,
    0.12486294520733132,
    2.2532813340805493,
    0.25289929992054105,
    0.30742251666321785,
    1.318624401639516,
    0.06268645514194304,
    0.027880773105408707,
    0.01960218617548648,
    0.061625294075177806,
    0.11855750783620067,
    0.04292124538510045,
    0.03314273796269518,
    0.5935686995634679,
    0.10405400505060314,
    0.15549164515496017,
    0.08463678192332047,
    0.009149092763085065,
    0.1301902615126398,
    0.03291536394240602,
    0.12535697056181228,
    1.0411513982117935,
    0.5833267784689431,
    0.1801894086694702,
    0.06201866399567457,
    0.03912428475647367,
    0.3060362941362218,
    0.06888944690946097,
    0.08164443391178722,
    0.051571511329020936,
    0.03957968043790139,
    0.05511157310318637,
    0.030016978604086475,
    0.1880947518490803,
    0.05219137766232507,
    0.3973351007943986,
    0.04408927467896184,
    0.03502591178707437,
    0.310688179788567,
    0.024426253324142166,
    0.014673784573123072,
    0.4500838080828231,
    0.019622145952322256,
    0.1649427182336467,
    0.013907549064391844,
    0.03367796480308982,
    0.042170300316675124,
    0.2094083878657651,
    0.07162057733904881,
    0.441883734304632,
    0.06091908833233184,
    0.4474209549559802,
    0.10558254192259042,
    0.04293335871666493,
    0.01738763276372346,
    0.15908724449217537,
    0.009300951088274445,
    0.054705111086860825,
    0.06348858705001525,
    0.12007899531275967,
    0.12181350590026163,
    0.008688475842228982,
    0.22028240739552807,
    0.3195180863934439,
    0.06666334311471545,
    0.024200498454399977,
    0.023055339208294612,
    0.9543398082124339,
    0.018058976817743044,
    0.017826834666113456,
    0.09745080476559131,
    0.09599725365339395,
    0.03760338031626276,
    0.5688938982403497,
    0.03511083997709186,
    0.12727582705843865,
    0.03291588203616591,
    0.04011934621820323,
    0.09606325468308263,
    0.5928350415786934,
    0.026575551196836855,
    0.040915242601681,
    0.02078000098885502,
    0.021143703655665647,
    0.03815111403712912,
    0.136551809640995,
    0.025461531112380698,
    0.006754973602918213,
    0.018635308298931008,
    0.07892530967087197,
    0.006822871845134415,
    0.094846006269103,
    0.022553858925115744,
    0.07685061239678781,
    0.03362449629224784,
    0.0948940785771093,
    0.011558685325018914,
    0.07587680501528205,
    0.018341194652505166,
    0.3667693119125719,
    0.025094277298352452,
    0.021031411701272873,
    0.749650059077803,
    0.018058073279809683,
    0.17679621004550983,
    0.11216814563606903,
    0.08356273301476946,
    0.5150280439505828,
    0.014514486487231082,
    0.8339101380738692,
