{
  "iterations": 317,
  "deltas": [
    1,
    0.591,
    2.1,
    2.1,
    3.8442822,
    1.9829475066637747,
    2.0370000000000004,
    4.125554826284556,
    2.1,
    3.391172606137832,
    1.3623447655597811,
    0.953641335891847,
    5.4454001296854635,
    1.1931911767634586,
    2.9028949655938074,
    3.363097761857928,
    1.8182693010000004,
    3.5212482183098817,
    2.036809771587183,
    1.2785975877000002,
    1.7242924330333809,
    2.6200076849079856,
    0.595340806341282,
    1.9818312185369997,
    2.917712660229552,
    1.7351384400468515,
    0.6749444871266448,
    2.3223472364683184,
    1.931320100104125,
    1.4233674194505443,
    0.42962731173705837,
    1.987476483,
    1.0461456991598048,
    0.28609504260089746,
    0.9832559852667,
    1.6150603343051504,
    4.20916458263058,
    0.2797328083069158,
    0.6169195238644871,
    0.7573096621259836,
    0.891070418778388,
    0.5436470666424569,
    2.0505892118850433,
    1.758540412293276,
    1.1056823889120206,
    1.6011828588466352,
    1.0140783029433669,
    1.1267804353259736,
    3.3640459533020444,
    0.32245408579147794,
    0.26285786257134625,
    1.3425570091526406,
    1.952796286322914,
    0.3570785707679036,
    0.4319145803682387,
    0.2634931685046542,
    0.7894405431107943,
    2.868257768979495,
    0.05629143666504666,
    0.4560565707437245,
    0.29489177969298863,
    1.1430307773161994,
    0.22420312278555699,
    0.11656520277952476,
    0.17181605547876533,
    1.3387109276005313,
    0.1256316804057782,
    0.2776563983790057,
    1.3826837503509095,
    4.037731833247104,
    1.7304004977877225,
    0.25616875201059575,
    1.3139985000000003,
    0.1457933405431442,
    0.36355958348606876,
    1.238875667455698,
    0.18775642440867824,
    3.405359951963356,
    0.5337290022001042,
    0.9814642446706223,
    0.45246130430233,
    0.8589836896542407,
    1.6374608882636714,
    1.92237628198089,
    0.5194911486464937,
    0.6583327213449106,
    1.1819891978807053,
    0.24569604924879407,
    0.3023431878125873,
    0.16347686117908466,
    1.1506611442389865,
    1.1471181839249898,
    0.11235598984673345,
    0.2977245669020818,
    0.2931119601561303,
    0.6090012046182771,
    0.13415364410311614,
    0.44209684113501346,
    0.9206793784505063,
    0.6488813222039891,
    0.16926467170440196,
    0.808365894029281,
    0.11896321478744198,
    2.1350696149776587,
    0.3515270399235071,
    0.4937837269441463,
    0.18587889987298123,
    0.25606198217691745,
    0.674892460746733,
    2.3551577449466183,
    0.5891104943289776,
    1.7396922298299948,
    0.19981739310414293,
    0.4782897454665669,
    0.2675469236416883,
    0.1269618771213583,
    1.218018435433183,
    0.7382542704272552,
    0.5260952723497265,
    0.008603733597845498,
    0.12595996305178758,
    0.5894989875784962,
    0.06398479561405512,
    0.15370680626058686,
    0.7836338625929837,
    3.5284773048282982,
    0.08073299400019085,
    0.013096287622374803,
    1.3548381685176611,
    0.06790710340147488,
    0.2929108971971468,
    0.13691244288140414,
    0.08841453599657889,
    1.77413475,
    0.14287739661029875,
    0.15163922566799215,
    0.3473428653248316,
    0.008957832639190144,
    0.18499097597868053,
    0.2944890230756325,
    0.216932109986546,
    0.16312309501955813,
    0.24454884959771483,
    0.4212149500808877,
    0.37091374629948604,
    0.004448921803139605,
    0.2258709854758738,
    0.29521560721691387,
    0.17094333755155144,
    0.23922504144936685,
    0.15810969013235443,
    0.043414381738655194,
    0.5167844060562654,
    0.6268590907239044,
    0.3617490861152586,
    0.17292906011346076,
    0.0014460326278333824,
    0.2532243632122064,
    0.337617174,
    0.07430322057852656,
    0.0021799894755556437,
    0.1381464995606958,
    0.43919057347809876,
    0.05442081526472187,
    0.0007749123290610171,
    0.9639984570478219,
    0.27785849404528307,
    0.01672365493549499,
    0.02331964988912638,
    0.24349236733467228,
    0.14880206532674123,
    0.06906167880901748,
    0.08565034075191136,
    0.037962136715512074,
    0.14814816230849726,
    0.94839476017947,
    0.18785366105015378,
    0.07081126183984221,
    0.20806989243200746,
    0.14573324384918962,
    0.0014281778904861042,
    0.23814625259846167,
    0.05201225440496948,
    0.0322140914143505,
    0.05858825560751946,
    0.16692501050991648,
    0.14765512770162736,
    0.006872572163588941,
    0.17629631314711158,
    0.07326407054998985,
    0.2599240923574495,
    0.04007894683412694,
    0.0516712754619002,
    0.17051514829428527,
    0.040076320071900096,
    0.01610761210158973,
    0.0112753284711129,
    0.13711354624978256,
    0.03640857808347775,
    0.11172215217465098,
    0.025486004658434425,
    0.05081481967181389,
    0.02213572192640534,
    0.10223292988151833,
    0.11936845158157139,
    1.4032812998485475,
    0.04704003929043821,
    0.18196776905000434,
    0.3079623003191152,
    0.8526867161882059,
    0.021087805303782403,
    0.035570373770269725,
    0.0016332864336261466,
    0.06574293607034143,
    0.02979226243345856,
    0.0002424351051528717,
    0.0430472445849972,
    0.5968807442904929,
    0.1336478275393702,
    0.16813989169749588,
    0.6638763328503927,
    0.4647134329955005,
    0.030326186024893786,
    0.03549309915963761,
    0.21145100505568948,
    0.41781654205313234,
    0.01643092278466174,
    0.21561602318260675,
    0.04255941916245831,
    0.012589504333755386,
    0.09205596462484422,
    0.553008985264988,
    0.01262725119828434,
    0.010738610749704947,
    0.007524806221160141,
    0.1593967075175602,
    0.030033346836548347,
    0.03659166336629571,
    1.5772956296622453e-05,
    2.8592789892201154e-05,
    0.11157769526229977,
    0.12738651765323716,
    0.19450106246271837,
    0.0585001407668142,
    0.08212449691659085,
    0.7411732268726565,
    4.359927685193554e-05,
    0.009241492227660686,
    3.017388437687174e-05,
    0.05749235471667902,
    0.040248488508161984,
    1.2155518751999494e-05,
    0.29377999407889166,
    1.8405651527662403,
    0.04510743619227142,
    5.547653654280893e-05,
    0.008838763420891738,
    3.883357558009948e-05,
    0.0059696494901952946,
    0.07004578250490567,
    0.023895209453118404,
    0.04903349896493747,
    0.06478009119378836,
    0.002497669667397062,
    0.018959511538040097,
    0.03157520629280697,
    0.07169186590054188,
    1.1051609694945341e-05,
    4.383734981239229e-06,
    0.050185551623235014,
    1.4644374723538078e-05,
    0.03164162999572717,
    0.36318069664537944,
    0.004184818903698151,
    0.07428054195255385,
    0.000525444837224498,
    0.036227294348026184,
    0.039184352728934835,
    0.011294313433634295,
    1.0251062334987182e-05,
    0.38896285245573003,
    0.07810438668361463,
    0.0043463422237124405,
    0.007210657623863526,
    9.79488676478013e-06,
    0.05467307067853078,
    0.006498555760504843,
    0.006770416263745638,
    0.0030444030309748626,
    0.04621394071460472,
    0.0006500002484557399,
    0.2924715993815665,
    0.024594401459406612,
    0.0037490464583527228,
    0.04535070181849887,
    0.08240249244303355,
    0.01171978412092578,
    2.484949126468905e-06,
    3.590587925650368e-06,
    2.513411548221711e-06,
    0.0005939729414752293,
    0.13977880656343444,
    0.1030493821255174,
    0.029269170327321348,
    1.1538222066675985e-06,
    0.004552888441539338,
    3.3597529629503242e-06,
    0.0021355351028287117,
    0.010858907796307271,
    0.0014951952557282766,
    0.03235432194544785,
    0.007601611081305748,
    0.07213473194943631,
    2.5514237288287873,
    0.008436886819064071,
    0.012578449842155948,
    1.722896051603584e-06,
    4.609209129924352e-07
  ],