{
  "iterations": 548,
  "deltas": [
    1,
    0.17100000000000004,
    0.6389999999999999,
    3.41948549543731,
    1.533576580123864,
    1.279521032427,
    1.053404729281549,
    1.686881342326441,
    1.5491398375049263,
    1.5823578102836349,
    0.488914258858304,
    2.1590647686238684,
    0.06958094382665925,
    1.9349913305559134,
    1.0944000000000003,
    1.1234715646157039,
    0.46451522904082587,
    0.6885999698659786,
    0.4300852485161899,
    0.4664264075431843,
    0.9464615889387176,
    0.6969526968686361,
    0.3041195486889867,
    0.716453387520108,
    0.28396408995109024,
    0.7000000000000001,
    0.9166128873114499,
    0.6240292954422317,
    0.39185557813557015,
    0.26768305811151283,
    0.43207662493950494,
    0.31813087408805707,
    0.31940435197327144,
    0.8759977952076348,
    1.1280129764088458,
    0.2574343569173334,
    0.3500403707263233,
    0.5725213893000007,
    0.24407490806999999,
    0.26334565824588907,
    0.6647830098634393,
    0.2705177077065315,
    0.4683111449236188,
    0.23062269748219055,
    1.2335605170846238,
    0.40604323304980383,
    0.25235871666299836,
    0.1733164160719589,
    0.6095097739536164,
    0.28373906051730025,
    0.22021971469476043,
    0.3380681551677567,
    0.08236272617999996,
    0.21660065351867352,
    0.4644971559900002,
    0.032145343038470386,
    0.4997212510703566,
    0.15140381810003767,
    0.15321926135736597,
    0.8613259100455499,
    0.4017494474591059,
    0.4056878842931271,
    0.232989507602821,
    0.6172216482289312,
    0.2647827068501991,
    0.11288878424992355,
    0.12668150597291827,
    0.40184466537831565,
    0.4010545289211329,
    1.3637559105557058,
    0.36572111874912494,
    0.3735253837622974,
    0.10685497826976231,
    1.2307292115392623,
    0.23702780426866354,
    0.22297822378021603,
    0.06945674526792,
    0.07929808932557059,
    0.10521088311119087,
    0.3346779726710185,
    0.027393517521506094,
    0.20317424536289508,
    0.36645192910679114,
    0.17019591042171633,
    0.3338608955135234,
    0.29665815815122265,
    0.06854803307846957,
    0.1873767570321414,
    0.3553812545977735,
    0.30132813476212483,
    0.5190677289187762,
    0.7000000000000001,
    0.342895219342644,
    0.35953270666164183,
    0.0701736747605568,
    0.2718182396842703,
    0.08809101646901674,
    0.24480401617476755,
    0.08506234973912719,
    0.2204744817903732,
    0.19868505785596646,
    0.0183783128802415,
    0.06875298497329085,
    0.017410833530045355,
    0.011297801405345531,
    0.07914986312500005,
    0.022478461923410853,
    0.010307177083610952,
    0.010002960206911826,
    0.016522515765120982,
    0.015550574479743506,
    0.08401275542033382,
    0.008837038661230423,
    0.014662166491184792,
    0.015011538815477898,
    0.013548813333056575,
    0.01380015854270189,
    0.07847147544789124,
    0.0077907094662093,
    0.08181024704931206,
    0.007119860681401136,
    0.006886547578330848,
    0.01220912945132957,
    0.08288804693404117,
    0.006352704080470062,
    0.062040566837567646,
    0.011442239263271592,
    0.08212210747447202,
    0.06869340433081916,
    0.011084766359765741,
    0.005405108067446651,
    0.05583651015381097,
    0.01031433357168865,
    0.005138768225767976,
    0.009076811917923866,
    0.004802580411023438,
    0.009590135191043014,
    0.06474678595384731,
    0.008193677514408915,
    0.008910077339558509,
    0.13159511860265916,
    0.004164114289327614,
    0.02940976758287306,
    0.007402937779658725,
    0.1796064572902889,
    0.1184178044799209,
    0.0540398544953522,
    0.0033909516251222627,
    0.00691668440015647,
    0.00337383141911074,
    0.07242109183333101,
    0.0064328608698298595,
    0.003068329782736967,
    0.05334469261150909,
    0.22732643720777546,
    0.07999082414292857,
    0.0030369003962231744,
    0.0055497366211820776,
    0.0028093622922407135,
    0.004895390223641716,
    0.002733387408637711,
    0.005148368694679384,
    0.0025488320064805947,
    0.004412326423549828,
    0.004772423074735244,
    0.002312314212184585,
    0.0024602126982991024,
    0.004420708547505647,
    0.023362913533173657,
    0.003978609360420382,
    0.0022142763614865224,
    0.004091837268009435,
    0.06562556270908537,
    0.0019161149696111934,
    0.08930801914912934,
    0.07772742617924955,
    0.059528144296342234,
    0.0032291175649725723,
    0.0034986297219141704,
    0.07103215539246976,
    0.0016170027093718176,
    0.003232152379779585,
    0.0016143415763449909,
    0.0014462859472099687,
    0.04522757322458659,
    0.002984190784795615,
    0.08152356737727118,
    0.0012943547134938171,
    0.06425460837116148,
    0.08279599481924693,
    0.0549706106286898,
    0.048635875536147566,
    0.001178090713100044,
    0.0011768965582032997,
    0.04677846521190432,
    0.002126325924566963,
    0.020231058669975432,
    0.00191411917271056,
    0.05863897287138897,
    0.04070481590212793,
    0.0009657800950733098,
    0.001985734608033418,
    0.000953304231036789,
    0.0017237475432301252,
    0.0008743890653839514,
    0.0018275963574510001,
    0.0008579778329864673,
    0.0015519059337241181,
    0.0007916184412986027,
    0.0007721821075974411,
    0.07788027826119848,
    0.0013971478536052295,
    0.001545997197796467,
    0.0007166580517812271,
    0.0006949669150180249,
    0.0012577837530689528,
    0.0014209918460439397,
    0.0006487735560702923,
    0.0006254717845748381,
    0.03579121163695742,
    0.03221229798498326,
    0.0005872993791404824,
    0.0005629257444716984,
    0.04377228803791322,
    0.06202675519150569,
    0.0005349167083190665,
    0.001100754386536451,
    0.0004819663087869408,
    0.07632083908671383,
    0.051612590585317975,
    0.00047707998612001035,
    0.00045597123022034225,
    0.0008260563562068057,
    0.0009267128092442789,
    0.0004254628028994567,
    0.07565685116035858,
    0.09184149961102506,
    0.04669314286954851,
    0.00038010812862587784,
    0.07114646544847858,
    0.0007790986878948303,
    0.03930260391649831,
    0.06411893313411898,
    0.028991704352078873,
    0.000714004666900081,
    0.0006024331149743212,
    0.00030344669420223624,
    0.03545555331220296,
    0.0002991637348253029,
    0.0005991229287012345,
    0.0005422449770660087,
    0.00027139813441712235,
    0.056101338876695994,
    0.07774143156854141,
    0.0878434954544205,
    0.00023954506577217316,
    0.0004392451673163045,
    0.017139082391252725,
    0.023823595175606727,
    0.00021279462854684184,
    0.00039534352436954023,
    0.0004648046758459756,
    0.0001996671477391132,
    0.00018932831747253687,
    0.03974357701049436,
    0.0004244672313218345,
    0.00017843294096353546,
    0.00032025996341644714,
    0.05056627033710104,
    0.109212611909423,
    0.00035377407557923846,
    0.042637800230716394,
    0.0001496191483978393,
    0.0002882513331110559,
    0.03762223949829657,
    0.07001528047948602,
    0.0002594350801419232,
    0.00013360983591947928,
    0.02144123581090618,
    0.038455182694995926,
    0.00023349876808698156,
    0.0002716970682543618,
    0.0001195652583514395,
    0.00011590238613390369,
    0.00021015472240470956,
    0.00010802247964925016,
    0.00024746928559249426,
    0.06302624120264655,
    0.00010431215673101235,
    0.016387157550011633,
    0.00022775414633091629,
    0.0553065822705161,
    0.0001702334052233745,
    8.816847887116452e-05,
    0.00020712413964396603,
    8.449285381439964e-05,
    0.0001532131662114189,
    0.03474311855977419,
    0.00018834290294300615,
    0.03663433431191532,
    0.00013789436237665598,
    0.019297112269043737,
    7.195938687321046e-05,
    0.049846515132227154,
    0.00012410696190556791,
    0.11515796712805004,
    6.159529560134658e-05,
    0.00011169713372849444,
    0.044886353189907524,
    0.06887876755110511,
    5.54357672517547e-05,
    0.00012751485079753877,
