{
  "iterations": 294,
  "deltas": [
    1,
    5.062583994403021,
    4.849464051993601,
    5.0809555296,
    3.045846170567938,
    5.497153862787437,
    2.5090936239060015,
    4.256143436883202,
    1.8719795969154491,
    4.427182496448946,
    0.9730082946531411,
    4.212036876023954,
    3.232417727682061,
    1.389981222128454,
    1.1541886790438207,
    0.8257535999999996,
    2.9710635913738255,
    0.9835313172739912,
    1.4004304455239875,
    1.4183203701214122,
    2.1451524073110297,
    2.0001377298278786,
    1.2974987082324194,
    2.5517676177330975,
    0.6981628874077668,
    1.525206020300363,
    0.5808370571753034,
    1.2565428658994175,
    2.1017540301965134,
    1.0459267344112586,
    2.465926080991381,
    0.7160300495019118,
    0.9770134625538693,
    3.3707961592559164,
    0.5575588415749939,
    0.4300670512263469,
    0.38931876435298385,
    0.7885332283448747,
    0.7632237541716407,
    0.6362518504320711,
    1.2227415049285684,
    0.8202496000000004,
    2.644992,
    0.9867588207327813,
    2.456714245211134,
    3.2393946643002476,
    0.36700160000000004,
    0.40440890073661073,
    0.5780457088922581,
    1.147589180895908,
    0.46226707998866345,
    0.8031390634818854,
    0.2730568802874451,
    1.332867840224985,
    3.017522438702847,
    0.9256901377031816,
    1.4110591270899189,
    0.14727083173373057,
    0.25953828837621273,
    0.4238678631038386,
    0.44290365174834356,
    0.615833461124641,
    1.9806175167283975,
    0.28747450539603747,
    0.3386182652837846,
    0.2300034943955236,
    0.7404380616867527,
    0.7440028403302401,
    0.3554616265465409,
    1.3154044982842201,
    0.35054606836569313,
    0.2994598664390322,
    0.45107730501529275,
    1.1610600288303266,
    0.2505397586820646,
    0.2761810159523552,
    0.3556834456566609,
    0.3395620803894879,
    0.33127955485782934,
    0.17286968898049349,
    1.7211239526245148,
    0.29375468336198196,
    0.21156749925914653,
    1.9088189956333395,
    0.5236529098447971,
    0.7425949871366493,
    0.36329816167092943,
    0.727974185701461,
    0.232024268048467,
    0.14335866576632572,
    0.5473955158294039,
    0.17255730573075212,
    0.1634946921977336,
    0.3506305567573662,
    0.11642799282523164,
    0.4325683034954455,
    0.10665001894892612,
    0.08536499931544661,
    2.118806247859796,
    0.057214037920605865,
    0.8534646695080266,
    0.9730537160908588,
    0.1721179676400002,
    0.1092562684851206,
    0.1273578348765998,
    0.6207370179658724,
    0.09425754046558055,
    0.1095295338604565,
    0.7048114347747827,
    0.07534300398995342,
    0.0935265004773651,
    0.03513730123861514,
    0.08660200640425941,
    0.19711967423939747,
    1.2321028451931513,
    0.12476839592401134,
    0.054025194026827705,
    0.05857126715935834,
    1.6345464420485643,
    0.03354395538346999,
    0.5279435869004789,
    0.047908396885254945,
    0.05642438646131964,
    0.24789210635436376,
    0.026987228520759743,
    0.018980304479081056,
    0.041591594552944144,
    0.7308054504192079,
    0.03220828408509835,
    0.020147576055167704,
    0.013603028979890297,
    0.03378308569482691,
    0.012107121529442821,
    0.4390085653314699,
    0.05212310045869506,
    0.9090804336396561,
    0.01480903900750441,
    0.005952170634222043,
    0.007008608172059283,
    0.07091079415186563,
    0.030839005890056725,
    0.06166968643029769,
    0.19932641133313744,
    0.01041124374187774,
    0.025184462805169616,
    0.0064719153501435756,
    0.019438562215979616,
    0.016129904358315628,
    0.9202646038886932,
    0.4943155420675849,
    0.005994707952098111,
    0.011230322601994303,
    0.323912390389415,
    0.007211154462044789,
    0.22394455635795119,
    0.00481299564403237,
    0.8103967576668953,
    0.21187268714537488,
    0.014458420652614379,
    0.2764496506546035,
    0.0021364719806253873,
    0.014235708233259814,
    0.006130745031756035,
    0.15984364075162283,
    0.005503881409891775,
    0.008535714298444574,
    1.2087520110031784,
    0.022609649348101613,
    0.041907142709819656,
    0.25944486172157255,
    0.3820951101059489,
    0.11103067925101406,
    0.009237968127353113,
    0.8110371202083959,
    0.001831161172580309,
    0.0014650246548786328,
    0.06516653568577002,
    0.38316463587308114,
    0.035477224777228145,
    0.06996736041412888,
    2.4879128101594636,
    0.001475040685200213,
    0.1314212305908753,
    0.0012857123026019934,
    0.09363054564314588,
    0.0036094807709510235,
    0.5526280360902929,
    0.0010285699139842563,
    0.0041159613738610545,
    0.2075711372703939,
    0.0008228559519203316,
    0.18479878707459196,
    0.0006937541612943576,
    0.09802377911876814,
    0.0009440337349655437,
    0.0016858977816767151,
    0.00134871822548277,
    0.0023238804470189223,
    0.0020783039041134543,
    0.00014388148975186255,
    0.0002430351164761646,
    0.0227054422783457,
    0.34287356283584103,
    0.471677507226282,
    0.0003866765991116239,
    0.0016903288312750675,
    0.0014334849274799666,
    0.00019363422461893265,
    0.0002157067624981579,
    0.17591145743805914,
    0.058133939708772786,
    0.30977073656438314,
    0.0005524349855736688,
    0.015150933836312941,
    0.00010927930983672951,
    0.0003783447671423801,
    0.06424460919650343,
    0.0007955063792515205,
    0.0005091240827237442,
    0.00043585323745887194,
    0.0002644352997052124,
    0.0005761843985663262,
    0.0001979784632322179,
    6.809043863498232e-05,
    0.0008989053860215535,
    0.037372132803014324,
    0.00015838277222002262,
    0.00029051335945240453,
    0.0001810218960809351,
    0.04925812092436477,
    0.014549154735050251,
    1.330700792756545e-05,
    9.918085190463444e-05,
    7.93446817315413e-05,
    0.011639323997243878,
    0.00011585401349201163,
    4.4406616057202086e-05,
    0.039406496739491814,
    5.651366304704197e-05,
    0.17992841879881105,
    0.2989068103084236,
    6.347574667309175e-05,
    8.112963841455656e-05,
    0.000123904657868934,
    0.022719961815395706,
    1.159811594142468e-05,
    0.031525197391593096,
    0.27439311631732544,
    0.06590709274042972,
    2.6423082314153135e-05,
    0.005166752986848877,
    6.487358386131348e-05,
    0.5052076520166295,
    0.052735020326688975,
    2.9951615303502876e-05,
    0.02597441708886805,
    0.01227657228515966,
    3.7963043141076014e-05,
    0.019954334802696927,
    0.00244094344960466,
    0.06956583902331559,
    0.37742899830346577,
    0.009821857155161595,
    2.42963476111413e-05,
    6.27529546353145e-05,
    0.49348077809750635,
    8.70718503342971e-06,
    3.355289336948175e-05,
    0.0012497630602172904,
    1.9437078087491955e-05,
    1.011242177106908e-05,
    1.554966247141465e-05,
    0.009730644526470211,
    4.095201748377519e-06,
    1.2439729976776448e-05,
    0.054414657752124285,
    1.2538346448209836e-05,
    0.04220147469480828,
    7.961427185065872e-06,
    4.277644455541463e-06,
    4.13253805042757e-06,
    3.2761613981691085e-06,
    0.060785627675867815,
    0.21317244014464443,
    4.430504237262767e-06,
    1.1086962917071403,
    1.361129467680744e-05,
    0.0016930416729827868,
    3.566462989823549e-06,
    3.8144992728916804e-06,
    3.5025137368194237e-06,
    0.46073574752646174,
    2.8531703915035678e-06,
    1.088903574153477e-05,
    3.728788300350061e-07
  ],