{
  "iterations": 78,
  "deltas": [
    1,
    2.556,
    1.4000000000000001,
    2.08728,
    1.4000000000000001,
    2.1857759999999997,
    0.8443932160000003,
    2.25982944,
    0.32195232000000007,
    0.10130378240000004,
    2.4336755825356793,
    0.18225908480000008,
    0.06959945466879991,
    0.43035015645388797,
    0.05662324650803208,
    1.1199999999999999,
    0.22939695572531194,
    0.36763049418752003,
    0.03303777578517786,
    0.028409341558139234,
    0.02431076999050874,
    0.020715253387604937,
    2.2621104,
    0.017585512626242306,
    0.014879058033920423,
    0.012551764773477858,
    0.010560226495855307,
    1.2983397930333662,
    0.8960000000000004,
    0.0062037353098620684,
    1.6778354644777882,
    0.005345499933002262,
    1.0397880247745,
    0.8319392231433653,
    1.5856849806796793,
    0.7168000000000001,
    0.5734399999999997,
    0.0016296906716850579,
    0.4261478578055904,
    2.4516990284937528,
    0.0011321337127070397,
    0.3409985047590185,
    0.0007816098531427951,
    0.0006481055933182933,
    0.97471610370678,
    0.14816280649923774,
    0.7086475198068172,
    0.2729040299623584,
    0.0002057861485409429,
    0.00017061044481381238,
    0.7801772897377104,
    0.00011684703793646278,
    0.4587519999999996,
    7.968217036302683e-05,
    6.570576272402207e-05,
    5.41326313259205e-05,
    0.36700160000000004,
    0.29360127999999985,
    3.060608381666441e-05,
    1.2901043953500164,
    2.4998676222631744e-05,
    2.040998831365215e-05,
    0.2451788714756451,
    0.08005471662346508,
    0.14218563948530472,
    0.6242755421948862,
    9.154613959561075e-06,
    1.1332189906234884,
    0.45380464050306824,
    1.0356459339540072,
    4.852671865673841e-06,
    0.3144391524286583,
    3.1763273886653565e-06,
    0.7476964671270663,
    0.1879048191999999,
    0.8297833845584037,
    0.2196842426430088,
    0.1317654691876491,
    5.855657370101852e-07
  ],
  "rewards": [
    41.0,
    -21.0,
    41.0,
    0.0,
    22.0,
    -991.0,
    41.0,
    -50.0,
    38.0,
    48.0,
    10.0,
    44.0,
    48.0,
    38.0,
    48.0,
    37.0,
    40.0,
    42.0,
    48.0,
    48.0,
    48.0,
    48.0,
    -100.0,
    48.0,
    48.0,
    48.0,
    48.0,
    41.0,
    41.0,
    48.0,
    19.0,
    48.0,
    41.0,
    35.0,
    -49.0,
    37.0,
    30.0,
    48.0,
    41.0,
    -281.0,
    48.0,
    41.0,
    48.0,
    48.0,
    39.0,
    46.0,
    41.0,
    37.0,
    48.0,
    48.0,
    34.0,
    48.0,
    39.0,
    48.0,
    48.0,
    48.0,
    39.0,
    41.0,
    48.0,
    35.0,
    48.0,
    48.0,
    46.0,
    46.0,
    46.0,
    34.0,
    48.0,
    33.0,
    41.0,
    39.0,
    48.0,
    34.0,
    48.0,
    30.0,
    39.0,
    37.0,
    35.0,
    46.0,
    48.0
  ]
}