{
  "iterations": 213,
  "deltas": [
    1,
    2.1,
    5.0207589891,
    3.0841148084100003,
    5.238224468243063,
    2.7946500000000003,
    4.28310832787874,
    2.218518784696137,
    4.55350680108598,
    3.1713554921984066,
    1.9904700000000002,
    2.0370000000000004,
    2.856956439397642,
    1.9758899999999997,
    1.9758899999999997,
    3.7605903198634256,
    2.660744801070397,
    0.25428323514335105,
    2.778649952473762,
    3.562662204884638,
    1.4082723467721028,
    2.688762057165519,
    1.9842652379999999,
    2.216893118268188,
    3.663570791109766,
    2.1,
    1.9193477136687696,
    1.0032500109971547,
    1.223820680869789,
    1.934604449237133,
    2.601051201358133,
    0.767922132396107,
    2.5871172986894218,
    0.9128646631574355,
    2.9421922363042343,
    0.9460638104420998,
    1.726362209303332,
    1.8159022815122654,
    0.7229370170761271,
    1.5099196635289616,
    1.2245233844219596,
    2.720761707830855,
    1.3239614642342925,
    1.7707758497373076,
    0.1397953682051316,
    0.5321811560049738,
    1.982997577716565,
    1.6321039943177675,
    0.8287960125421554,
    3.2161100886664906,
    1.65936815459614,
    0.8279632851860832,
    1.4700000000000002,
    1.9229636246850124,
    1.2086650811895048,
    0.8658370077322015,
    1.1861321054700493,
    0.6049114551515604,
    1.8931878859414901,
    0.0284220388845835,
    2.332296729615301,
    0.6325367509496793,
    1.7799249136974256,
    0.47767267158597626,
    1.7420789117315154,
    1.029,
    0.3950839312190979,
    0.7679914085445727,
    0.9242913414565042,
    2.9367926559815682,
    0.300432685332364,
    0.6120720932803714,
    0.3322718823268609,
    0.3552491103329789,
    0.8177018955538573,
    0.7332306477158088,
    1.0435706671794716,
    0.1873725691550412,
    2.952539434175482,
    1.2431880199984668,
    2.4997443271676794,
    0.5191439891370582,
    0.3650309790572486,
    1.502846028563102,
    1.9629649589655056,
    0.9825098479776262,
    0.5823342552269111,
    0.21580879422451815,
    1.287629543359726,
    1.0532390581170024,
    0.070074475909494,
    0.5399535403470974,
    0.3336159364339153,
    0.3954043368884115,
    0.284673422261001,
    0.0010879972309147945,
    1.6518398805218002,
    0.9025359244890137,
    0.8531493649361117,
    0.7377842664835175,
    4.243492828666643,
    0.3779822748042303,
    0.4761185537974848,
    0.0003494760835760502,
    0.08980201761224116,
    0.14869396866403406,
    1.2536211000000002,
    0.4664288929016198,
    0.5972045554552787,
    0.11443032190041258,
    0.20821075896693308,
    0.24706290000000042,
    0.13949124345541541,
    0.6879470528344722,
    0.14275814075558202,
    0.5550627222344939,
    0.056167897133168054,
    0.48156308323144437,
    0.14574753130716367,
    0.0978729433475305,
    0.05049373696918025,
    0.7382363144420943,
    0.7298897429715527,
    0.09517537588541636,
    0.19433731010352062,
    0.08328057611252326,
    0.2058033956999994,
    0.4424136539063621,
    0.06963007358999995,
    1.0605351192685788,
    0.26504367555087427,
    0.41804318881869484,
    0.4009057855127516,
    0.40109638678347537,
    0.03923996404014929,
    0.09075403652789227,
    0.08028619195484588,
    0.28076768118099515,
    0.12349604117282098,
    0.05973164487752136,
    0.3096897280400501,
    0.03921041021500393,
    0.29263023217308604,
    0.2530882387440503,
    0.21263114304710484,
    0.018927739738950677,
    0.0635278255888796,
    0.07523105502974836,
    0.05607085803275247,
    0.19787803157846362,
    1.299244294350796,
    0.21678281467120186,
    0.18553145525202375,
    0.17716176732306366,
    0.06266746884394969,
    0.21082250312545803,
    0.05487649566136099,
    0.01629324591841863,
    0.060513060433567745,
    0.03182560725377037,
    2.081793095561917,
    0.06076648620291891,
    0.1965374835123832,
    0.008263934452192423,
    0.4771101437715668,
    0.04836189360347465,
    0.04364830505909989,
    0.17712175028715826,
    0.014341567935140631,
    0.1375762386530539,
    0.03771450292065914,
    0.0033309044292115786,
    0.05105273979556024,
    0.010039097554599863,
    0.163715724027389,
    1.4270782895322505,
    0.011197287822737323,
    0.03573691785786437,
    0.004665818910797981,
    0.14338881376481272,
    0.03385332552244513,
    0.15174797039638044,
    0.18058008477171583,
    0.012644083419989016,
    0.02640015211976099,
    0.02747472043605015,
    0.018032838750917435,
    0.012622987125643803,
    0.0032879792046855982,
    0.34696339759912753,
    0.019232304305234038,
    0.03934023405787457,
    0.021991326717195392,
    0.07026051874475758,
    0.008850858393993022,
    0.05931980229000011,
    0.09091041513060993,
    0.021873881405862328,
    0.020755979729104368,
    0.06363729059143175,
    0.8019753123938056,
    0.027538163840512553,
    0.01452918581037288,
    0.005042302365179552,
    0.026889482879276727,
    0.08848424153817014,
    0.031998484626340584,
    0.005486671033141377,
    0.0491823631213304,
    0.025504281384531424,
    0.002361163087746476,
    0.00157748439390204,
    0.009223092627591356,
    0.0
  ],
  "rewards": [
    -1587.0,
    -64.0,
    -565.0,
    -1216.0,
    -456.0,
    -418.0,
    -1382.0,
    -68.0,
    -854.0,
    -84.0,
    -81.0,
    -114.0,
    -177.0,
    -36.0,
    -80.0,
    -1281.0,
    -206.0,
    32.0,
    -41.0,
    -774.0,
    -21.0,
    -235.0,
    -204.0,
    -102.0,
    -722.0,
    0.0,
    -62.0,
    -29.0,
    1.0,
    -157.0,
    -2.0,
    15.0,
    -563.0,
    12.0,
    -169.0,
    9.0,
    -21.0,
    -204.0,
    17.0,
    -6.0,
    5.0,
    -675.0,
    2.0,
    -98.0,
    30.0,
    14.0,
    0.0,
    -98.0,
    10.0,
    -360.0,
    -21.0,
    14.0,
    -5.0,
    -85.0,
    16.0,
    16.0,
    -18.0,
    12.0,
    -72.0,
    34.0,
    0.0,
    -58.0,
    12.0,
    13.0,
    -47.0,
    13.0,
    16.0,
    11.0,
    -30.0,
    -395.0,
    14.0,
    -26.0,
    20.0,
    25.0,
    -28.0,
    7.0,
    16.0,
    27.0,
    -613.0,
    16.0,
    -38.0,
    25.0,
    18.0,
    -2.0,
    -10.0,
    -10.0,
    4.0,
    -2.0,
    9.0,
    14.0,
    32.0,
    20.0,
    -2.0,
    13.0,
    6.0,
    34.0,
    0.0,
    18.0,
    -1.0,
    18.0,
    -231.0,
    11.0,
    5.0,
    34.0,
    18.0,
    -2.0,
    -44.0,
    13.0,
    -1.0,
    19.0,
    16.0,
    25.0,
    7.0,
    12.0,
    18.0,
    -14.0,
    21.0,
    16.0,
    13.0,
    18.0,
    23.0,
    -12.0,
    -23.0,
    25.0,
    13.0,
    -5.0,
    6.0,
    27.0,
    25.0,
    -66.0,
    2.0,
    18.0,
    -14.0,
    -7.0,
    9.0,
    14.0,
    11.0,
    27.0,
    14.0,
    19.0,
    27.0,
    14.0,
    -14.0,
    -3.0,
    -14.0,
    25.0,
    13.0,
    4.0,
    27.0,
    17.0,
    -143.0,
    -23.0,
    4.0,
    -5.0,
    2.0,
    -30.0,
    18.0,
    32.0,
    25.0,
    9.0,
    -362.0,
    2.0,
    16.0,
    27.0,
    -23.0,
    26.0,
    23.0,
    2.0,
    18.0,
    -10.0,
    13.0,
    25.0,
    4.0,
    16.0,
    7.0,
    -31.0,
    9.0,
    9.0,
    20.0,
    14.0,
    14.0,
    2.0,
    -14.0,
    20.0,
    -5.0,
    -18.0,
    12.0,
    18.0,
    25.0,
    7.0,
    18.0,
    6.0,
    -7.0,
    2.0,
    27.0,
    3.0,
    2.0,
    14.0,
    2.0,
    6.0,
    -33.0,
    -7.0,
    27.0,
    21.0,
    11.0,
    -21.0,
    4.0,
    9.0,
    20.0,
    -3.0,
    0.0,
    16.0,
    9.0,
    34.0
  ]
}