{
  "iterations": 211,
  "deltas": [
    1,
    4.410856373189761,
    2.20403664,
    3.8307724782795933,
    3.48728,
    3.4162872922082554,
    2.454926840765837,
    3.7845840383703537,
    1.9778969072566195,
    3.595392393714307,
    2.523708579043422,
    1.3944055999999998,
    2.595110805164322,
    1.3924995520000003,
    2.8502118654083755,
    2.509053533648057,
    1.8653729297661235,
    3.104489596542739,
    1.790217407262892,
    2.1690876506325765,
    3.4573668049762434,
    1.3115379546804826,
    2.2375275409721205,
    2.348316975579905,
    2.1299275881236435,
    1.1692968316569505,
    1.1837977335908203,
    3.3265813101907855,
    2.2393715671531433,
    2.3239353435954353,
    1.8364597717948676,
    1.2603296050309662,
    4.504766352232068,
    2.2155935772585096,
    2.1517490045287992,
    1.791535859939959,
    1.3869351237902077,
    1.389314263586705,
    1.3551018307318525,
    2.4129774975199165,
    0.8326249225517142,
    1.2753610535110589,
    0.954786848406731,
    2.302288306813785,
    1.3823141953975693,
    1.1255557321650826,
    2.536484331992141,
    2.2431549311734926,
    0.289928974365397,
    1.2156305652779924,
    1.3823222339120473,
    0.28827894625032435,
    1.2895207232678896,
    2.235637800752313,
    1.380590084119989,
    0.30204177186462644,
    1.3410688735873482,
    1.3656779274027606,
    1.2148113433197398,
    1.3795495670067748,
    3.4467605134423627,
    2.500402571356646,
    1.332279843577302,
    2.001457490333344,
    1.3394897404715387,
    1.2755016715510479,
    2.480416394630886,
    2.042650369729131,
    1.1035758988613225,
    0.7049445882154419,
    2.5050268177219257,
    1.2399882882432536,
    0.8942737290099885,
    1.18626677541259,
    2.3838236455231243,
    0.9424518787395897,
    1.3192908939434975,
    0.6249143853147281,
    0.5002546862884341,
    1.3967512933384842,
    2.3745919114968377,
    0.8707223469091279,
    0.17407680681438542,
    1.0908378886969867,
    1.0180003199398246,
    1.5058880289163223,
    0.526390225287015,
    0.8409354030767044,
    0.7577453277817661,
    0.5814038405255815,
    1.3929620800000002,
    1.053147609580103,
    1.6506397453492632,
    1.6204736563355269,
    0.750055998875542,
    2.5787488835437227,
    0.2764374506429226,
    0.8871168922848724,
    1.1325996508740417,
    1.2061723706053353,
    0.7779173331606106,
    3.72429916574752,
    0.9035073292653628,
    0.33716525721242796,
    0.5815086216083092,
    0.4992428198670762,
    0.8143692523921988,
    0.5616182138375265,
    1.183566051248242,
    0.4081197957675986,
    1.2927670060329621,
    0.8550878060018281,
    0.46783837625300073,
    1.0551116021169236,
    0.6129515773048144,
    2.1129352448280976,
    0.6564271496926501,
    0.701114272898554,
    0.525244533147367,
    0.5238408179286367,
    1.5802668892106908,
    2.9930297812975644,
    0.8960000000000004,
    0.4951663973200269,
    0.36995984897236944,
    0.2064208241924863,
    1.1197085283109764,
    0.7168000000000001,
    0.41915436104365433,
    0.19441147858284857,
    0.8209245976550488,
    2.234521884752599,
    0.8383225450100795,
    0.5415031666250627,
    0.42049541338598573,
    0.47838001979169675,
    0.715629609817249,
    1.2109355730406541,
    0.9096729070160752,
    0.43083784201173003,
    0.34491940610003624,
    0.41552263137714185,
    0.29636473534864294,
    0.3709396370929454,
    0.2374162851107755,
    0.0023076323957500477,
    0.20396177612248678,
    0.44470400752707917,
    0.9662145408213689,
    0.6532909353866181,
    0.21617888278790254,
    0.21056656192173406,
    0.2010535894888612,
    0.5226345111054478,
    1.391323804742827,
    0.14661929339029456,
    0.6440417575413662,
    0.41810834043913303,
    0.5734399999999997,
    0.13211103497505938,
    0.4566549417537722,
    0.22973411124500842,
    0.6413472849494006,
    0.27781813492124385,
    0.8257535999999996,
    0.14649116634587145,
    0.1729437337764992,
    0.10782636266230483,
    0.13736070843943793,
    0.2109472800581056,
    0.33166312177668544,
    0.3344876936150154,
    0.08395343382718679,
    0.316906538115159,
    0.22234844726994396,
    0.2922902860240555,
    0.17022054116468688,
    0.26914239426282904,
    0.17486538845021649,
    0.2535252304930182,
    0.022326621271349545,
    0.6793867680096675,
    0.009886919302948716,
    1.6616461739307198,
    0.18970530481787407,
    0.15176424744050365,
    0.39485441705544133,
    0.011962472233326693,
    0.0858743581239203,
    0.138355015762043,
    0.11196467044574732,
    0.17225114313267653,
    0.029146005411935016,
    0.1622561475158104,
    0.09334419576126862,
    0.1286926190349611,
    0.2140721656882203,
    0.0895804551875603,
    0.07166535046873435,
    0.08314178427541918,
    0.01954254742391015,
    0.11024073262037781,
    0.1582395664390468,
    0.13986595245643585,
    0.5435264337898218,
    0.23364885242278532,
    0.33822867455999983,
    0.1029541112867065,
    0.04256861251364796,
    1.0690719295078401,
    0.04810534162814051,
    3.958326946218449e-07
  ],
  "rewards": [
    -1055.0,
    -1379.0,
    -83.0,
    -2336.0,
    -700.0,
    -185.0,
    -222.0,
    -1036.0,
    -50.0,
    -1162.0,
    -19.0,
    -113.0,
    -913.0,
    -16.0,
    -224.0,
    -191.0,
    -30.0,
    -755.0,
    -12.0,
    -96.0,
    -622.0,
    -48.0,
    -156.0,
    -95.0,
    -88.0,
    -93.0,
    -8.0,
    -1296.0,
    -26.0,
    -159.0,
    -36.0,
    -2.0,
    -1169.0,
    -64.0,
    -21.0,
    -142.0,
    -25.0,
    -199.0,
    -14.0,
    -243.0,
    9.0,
    -66.0,
    -22.0,
    -571.0,
    -17.0,
    4.0,
    -533.0,
    -165.0,
    26.0,
    -108.0,
    14.0,
    30.0,
    -6.0,
    -140.0,
    17.0,
    26.0,
    -98.0,
    -9.0,
    -7.0,
    -57.0,
    -641.0,
    -107.0,
    16.0,
    2.0,
    2.0,
    16.0,
    -25.0,
    -279.0,
    -21.0,
    25.0,
    -254.0,
    -56.0,
    -4.0,
    10.0,
    -377.0,
    5.0,
    -46.0,
    18.0,
    12.0,
    -162.0,
    -35.0,
    -3.0,
    27.0,
    3.0,
    -10.0,
    -95.0,
    12.0,
    23.0,
    11.0,
    16.0,
    3.0,
    -19.0,
    -110.0,
    0.0,
    16.0,
    -514.0,
    14.0,
    16.0,
    -79.0,
    -5.0,
    5.0,
    -579.0,
    -14.0,
    18.0,
    16.0,
    14.0,
    -2.0,
    0.0,
    -26.0,
    5.0,
    -23.0,
    -19.0,
    14.0,
    -5.0,
    7.0,
    -62.0,
    20.0,
    -5.0,
    23.0,
    -17.0,
    11.0,
    -329.0,
    11.0,
    4.0,
    27.0,
    13.0,
    11.0,
    -7.0,
    7.0,
    20.0,
    16.0,
    -335.0,
    23.0,
    0.0,
    -3.0,
    6.0,
    4.0,
    13.0,
    -22.0,
    12.0,
    4.0,
    18.0,
    -12.0,
    23.0,
    21.0,
    34.0,
    25.0,
    9.0,
    4.0,
    -7.0,
    25.0,
    14.0,
    -27.0,
    25.0,
    -75.0,
    16.0,
    -4.0,
    7.0,
    11.0,
    14.0,
    -25.0,
    25.0,
    -8.0,
    -18.0,
    -6.0,
    20.0,
    20.0,
    20.0,
    5.0,
    9.0,
    7.0,
    23.0,
    27.0,
    5.0,
    23.0,
    -14.0,
    9.0,
    4.0,
    7.0,
    -23.0,
    32.0,
    -32.0,
    32.0,
    -98.0,
    6.0,
    2.0,
    -1.0,
    27.0,
    14.0,
    18.0,
    28.0,
    23.0,
    32.0,
    -10.0,
    3.0,
    6.0,
    -14.0,
    32.0,
    -1.0,
    9.0,
    30.0,
    16.0,
    -9.0,
    -4.0,
    -1.0,
    4.0,
    13.0,
    13.0,
    21.0,
    7.0,
    18.0,
    34.0
  ]
}