{
  "iterations": 69,
  "deltas": [
    1,
    1.4000000000000001,
    1.4000000000000001,
    1.219504,
    0.26480000000000004,
    2.192336352,
    0.23297599999999996,
    0.10059628160000011,
    0.09227350527999989,
    0.9017259185920006,
    1.3530957481984,
    0.22922420646655994,
    0.06658522996735994,
    0.24574861311999996,
    0.061965492748288,
    0.84916322378752,
    0.32667542092799995,
    0.2050313920000001,
    0.03576061660912022,
    1.4000000000000001,
    0.02131567178866689,
    0.2701570600113903,
    1.1199999999999999,
    0.14701948939469323,
    0.6592131654921074,
    0.00838937472156287,
    0.8960000000000004,
    0.5339228083325791,
    0.00493287933262776,
    0.004116308659485313,
    0.003429051082294965,
    0.002852044189601388,
    0.6913519142064475,
    0.25522192621458717,
    0.001671934371793693,
    0.0013732001705664132,
    0.0011270822749582798,
    0.0009244835307706811,
    0.43265717342380583,
    0.0006208761295223297,
    0.0005083835715495866,
    0.0004160529915850919,
    0.00034031930074429617,
    0.0002782369665765838,
    0.34665164653062774,
    0.2043881200135318,
    0.00015409498383589515,
    0.0001252360135022279,
    0.00010175683194857399,
    8.26598824763547e-05,
    6.7131439514867e-05,
    5.4507978439088944e-05,
    0.7168000000000001,
    3.591272453973282e-05,
    0.5734399999999997,
    0.18922223992899023,
    1.897922312754652e-05,
    0.27752833247699105,
    0.22202544634237587,
    1.0222457207165192e-05,
    2.039489229884741,
    1.1913755773782846,
    0.29684101120000006,
    3.6117515151978807e-06,
    2.944571051433087e-06,
    0.1635226049412457,
    1.983389825488402e-06,
    0.151399013342991,
    1.0480360859155269e-06,
    8.528913111316427e-07
  ],
  "rewards": [
    48.0,
    -1.0,
    -27.0,
    -436.0,
    46.0,
    -537.0,
    42.0,
    48.0,
    48.0,
    33.0,
    39.0,
    38.0,
    48.0,
    30.0,
    48.0,
    41.0,
    40.0,
    46.0,
    48.0,
    28.0,
    48.0,
    46.0,
    34.0,
    46.0,
    37.0,
    48.0,
    41.0,
    41.0,
    48.0,
    48.0,
    48.0,
    48.0,
    41.0,
    46.0,
    48.0,
    48.0,
    48.0,
    48.0,
    41.0,
    48.0,
    48.0,
    48.0,
    48.0,
    48.0,
    41.0,
    46.0,
    48.0,
    48.0,
    48.0,
    48.0,
    48.0,
    48.0,
    41.0,
    48.0,
    35.0,
    46.0,
    48.0,
    41.0,
    41.0,
    48.0,
    8.0,
    41.0,
    46.0,
    48.0,
    48.0,
    46.0,
    48.0,
    46.0,
    48.0,
    48.0
  ]
}