{
  "iterations": 509,
  "deltas": [
    1,
    3.77177620247359,
    4.214272103616065,
    4.040742832053755,
    2.4889334652508452,
    2.4720610577231836,
    3.9166310868037413,
    2.8827588620828184,
    3.4109958348106577,
    2.29359284831507,
    2.337709596364804,
    1.4963516381672157,
    2.3927017722298487,
    2.386874497710963,
    2.092695594219994,
    2.1600033093130735,
    1.2866743829631995,
    2.3279452322147938,
    1.2700387667131103,
    1.4798439288239642,
    2.3102278134290835,
    2.3169018219883197,
    2.2780047758311817,
    2.7357020189024226,
    1.439591338518449,
    0.9730208250446104,
    3.2807264,
    2.2009809333474886,
    3.137223692296123,
    1.5310051848352089,
    2.2608957840986292,
    1.2168215688961501,
    1.8198698351059885,
    1.3023610545910849,
    1.490571092833905,
    1.9981464765219172,
    1.2679458095411267,
    1.5691967071771025,
    1.116760770518738,
    2.2562376466680067,
    1.107387950133039,
    1.5574795437417688,
    1.8648132789811385,
    1.25281408,
    1.0328300321915833,
    1.016022757605704,
    1.1199999999999999,
    1.2427526901639752,
    1.1382810108135004,
    0.9296896666577563,
    2.2053581192386105,
    1.6048438619913519,
    1.2369777411373022,
    1.0785667602329596,
    0.7088959054920263,
    1.0951171597516254,
    1.3794565966801446,
    1.5822221734639417,
    1.065877057871992,
    1.030181953696566,
    1.2273894824707643,
    1.1511612541881338,
    1.080182496163271,
    0.9957789177111938,
    1.1046310185060282,
    0.9246313523685536,
    0.9343714620380847,
    0.8184378357875453,
    0.9765122767113095,
    1.0722176233848861,
    2.0592704790197356,
    0.7110238430720237,
    0.6905131297523077,
    1.6059088669604726,
    1.245593778196059,
    1.0934040799433706,
    1.030187811315825,
    0.7864809246016016,
    0.7694926135921936,
    1.18554314355793,
    1.1182344444829155,
    1.222405248973434,
    0.9021323108238892,
    0.6900955845017407,
    1.924417889364559,
    0.7935037181894673,
    0.7151356955738741,
    0.8618549876148194,
    1.3116654479466465,
    0.3441412799952399,
    1.0433414793538986,
    1.948697673637911,
    0.4013802514433671,
    0.39252364774313087,
    0.8419170564791578,
    1.002008659865389,
    1.0016608770126805,
    0.8543498637619216,
    1.222026803536865,
    1.7317952864320336,
    0.7491708597954645,
    0.47528131215660707,
    1.064559292283783,
    1.0606795801821178,
    0.5941541557823111,
    0.4846023767827141,
    1.158695684470274,
    0.8382849886269153,
    0.573171768078165,
    0.7168000000000001,
    0.3956736616718395,
    1.040035652671519,
    1.2199290200033772,
    0.2909089190705174,
    0.5801029444799468,
    0.8320285221381676,
    0.4241165092801964,
    0.9411661664815885,
    0.33038170585077786,
    0.5627526717435547,
    0.49288339568122375,
    0.1631816470489338,
    1.1718535522572555,
    0.9950259943352915,
    0.7121110707168601,
    0.4912394983135755,
    0.4643163614756478,
    0.3934752097751044,
    1.2155839184914985,
    0.832499422255772,
    0.9005071234825,
    0.13138200033605685,
    1.6197234904899407,
    1.7923666057097414,
    0.7248868286992334,
    1.0859314705977168,
    1.372,
    0.46354996026112794,
    0.9967946335556483,
    0.7123807863557019,
    0.08286697922536757,
    0.6985843478835356,
    0.4259986033351728,
    0.3271633297808503,
    0.25399987897255905,
    0.5279269924283323,
    0.3840917134168258,
    0.4511971558077672,
    1.1360288678871235,
    0.34772147114959395,
    0.191948469844073,
    1.2154987547915415,
    0.31060532937322094,
    0.28009544584378077,
    0.37966517730673566,
    0.447100973214976,
    0.3947882734916792,
    1.0020934505490082,
    0.11171732988438166,
    0.48923434267938326,
    0.3381007880502871,
    0.6590520164452709,
    0.28907301679299735,
    0.17448902792608667,
    0.8687452560222022,
    0.3085142004767505,
    0.35768253549207785,
    0.5863580536868032,
    0.5709262480224702,
    1.082145431864232,
    0.44676369308080943,
    0.3525246399491522,
    0.1995881980938119,
    0.1599730768453238,
    0.31868188856346436,
    0.1766210434828448,
    0.32356120817781253,
    0.3610314468471518,
    0.24439434164392893,
    0.40627391116794787,
    0.3420519274974527,
    0.14476366376429262,
    0.8334872794278834,
    0.027971861240787987,
    0.1443524910096965,
    0.15355877862468148,
    0.019260124903620834,
    0.5508363283009494,
    0.3647493772928847,
    0.2888278627274712,
    0.7109519232239414,
    0.23106246318996781,
    0.13414638629465614,
    1.0321919999999993,
    0.1338379601132118,
    0.32501912893435847,
    0.42601571423129414,
    0.9831664429276712,
    0.2870215692897169,
    0.1718003807637567,
    0.8125259791756356,
    0.26286142135342416,
    0.5840595895576222,
    0.3701313816612224,
    0.08066345210461989,
    0.6606028799999999,
    0.08372053380468181,
    1.298671834426693,
    0.4610885780778293,
    0.4337182423157877,
    0.21146656763050764,
    0.211053815950347,
    0.18675171917386102,
    0.29445085027740703,
    0.08572681733175891,
    0.10442586948770227,
    0.09092061791216643,
    1.1338554212731893,
    0.11453499644034792,
    0.08354069782263451,
    0.1902380183343464,
    0.2531550122134032,
    0.21037350078882966,
    0.17002577489886228,
    0.14650718035055021,
    0.19570170440728774,
    0.8419661276203172,
    0.369240055426614,
    0.08061414552971868,
    0.27262372691616577,
    0.09092638386604257,
    0.149401379626795,
    0.3482132363953596,
    0.27248206600937763,
    0.28598201829139747,
    0.19932141390865254,
    0.7884924623562446,
    0.2954505370900371,
    0.15219041784122034,
    0.5825228186351215,
    0.8066024368843472,
    0.09230072414681345,
    0.18410247956173365,
    0.12175233449246115,
    0.2600153031474868,
    0.0520604009040504,
    0.10594104661999992,
    0.2926973920618643,
    0.6314640516538903,
    0.06029145049661544,
    0.07575679989582973,
    0.2759982204101732,
    0.02927262802960584,
    0.11952110434171992,
    0.036293882813907885,
    0.11980886609815933,
    0.16835378641843413,
    0.3498716754719702,
    0.08222457929266369,
    0.8253280356239632,
    0.16058322272575332,
    0.3017578369506051,
    0.3816356320053522,
    0.4447975722690254,
    0.23644957747794848,
    0.041648320760161894,
    0.11854104509666819,
    0.2080122425179889,
    0.2785711473982797,
    0.20252404394627277,
    0.03048624251885279,
    0.07566158832701042,
    0.2879116396583008,
    0.13748165024713188,
    0.004698024056957628,
    0.8946940387405693,
    0.9183593172224995,
    0.09117342534642425,
    0.35583805781522493,
    0.03600534638104236,
    0.23488102399999988,
    0.05338546542008493,
    0.046300157130494846,
    0.03244692996427467,
    0.2424719634925907,
    0.3289620081738498,
    0.1848508140680334,
    0.6203176072377339,
    0.1879048191999999,
    1.039987096605822,
    0.03784590849377523,
    0.025980920299428334,
    0.07044970516079019,
    0.21442236160949601,
    0.025490488928523902,
    0.058892648475382,
    0.1346894852906022,
    0.237763642518253,
    7.013738179395546e-05,
    0.4841122454662603,
    0.11830452105198574,
    0.03926803189026273,
    0.5778185471946227,
    0.02708358396266597,
    0.552453631011236,
    0.4660436482377275,
    0.021671328366908327,
    0.24140627023317407,
    0.06119480547427436,
    0.01645979869998726,
    0.045116190483756924,
    0.2776551021143998,
    0.029274401111459625,
    0.1931250161893523,
    0.03586195248880708,
    0.12077171045595314,
    0.012213441369144817,
    0.16640979401439182,
    0.031771296275540095,
    0.026263314544738847,
    1.1540442002059628,
    0.036102076936458616,
    0.6174805046769514,
    0.010669806686385286,
    0.08816984637391023,
    0.03998432913714023,
    0.0966223335761569,
    0.017352137858802408,
    0.10369231068276008,
    0.03704012570480364,
