{
  "iterations": 473,
  "deltas": [
    1,
    3.4808,
    1.4000000000000001,
    3.686656489385472,
    1.2442864000000002,
    2.0808,
    3.897792464631829,
    1.3173935408204802,
    3.3191687347786942,
    3.3720683991270652,
    2.314147519727995,
    2.2056874883379076,
    3.436957493519829,
    0.78334039634536,
    2.1649010809041087,
    1.340529581056,
    0.8436214508591506,
    2.431902387597041,
    1.5226060620447628,
    2.4233579490788495,
    1.4257720623380914,
    1.2648257638493483,
    1.2795570830074592,
    3.2441658023721622,
    1.67338396414224,
    1.0668921503406876,
    2.4335525867683794,
    1.4234484442366018,
    0.9071487846549564,
    1.4927976530675986,
    0.887156833247162,
    2.4434731670601972,
    0.5772504423347833,
    1.448553255177571,
    1.8464876856288353,
    2.0111615287978477,
    0.3520020787200001,
    0.8433218629763664,
    1.4281469159203821,
    1.1157108954619712,
    0.2538260150260814,
    0.27307569569475576,
    0.69046255616,
    1.901067617155043,
    0.6771572967749613,
    0.593567628197496,
    1.612722559765328,
    0.5437442161963464,
    0.9666647583268615,
    0.2633928107919581,
    0.538033798920436,
    0.20124223292214216,
    2.4200557787648735,
    2.344211997786849,
    0.19340147882287173,
    1.0904224691706057,
    0.16281952066090444,
    0.8091231160826746,
    1.298498206759505,
    0.5619042170779309,
    1.8758747588229783,
    0.518200427886164,
    0.9466280329736279,
    0.9181827131455957,
    2.380084868395137,
    0.17236084235631566,
    0.3179254707952861,
    0.2807511966772096,
    0.5270711551980973,
    0.12163070518863339,
    1.0006991669617573,
    2.0677141507930497,
    0.4006171334086108,
    0.631096661073232,
    0.49769847793265853,
    0.2368284651897068,
    0.7337446343995637,
    0.5849916052838626,
    0.20315037841794537,
    0.9575220259799364,
    0.12424700012856782,
    0.8326648167799213,
    1.4550613974418543,
    0.8246176497358872,
    0.6234160211826438,
    2.0728544918677407,
    0.4987503015017838,
    0.8391464357640475,
    2.1259188761032144,
    0.7291163250923782,
    0.19029992766286252,
    0.11649580328931375,
    0.9520666713684491,
    1.0856854045558126,
    0.9481303499482632,
    1.4309010997577918,
    0.4739100868021815,
    0.8731116448147134,
    0.5421068841588639,
    0.17588479392503054,
    1.2255088826868121,
    0.26641400763202805,
    0.1563337762791157,
    0.3857027455977935,
    0.404569943705555,
    0.11303297247289912,
    0.49639500984848084,
    0.6156173198110562,
    0.6668123482347648,
    0.09323955315191412,
    0.33346783981742156,
    0.7448786164089602,
    0.16719538732223072,
    0.7087539602412622,
    1.2313161969637587,
    1.2788564245815852,
    0.2674557526828867,
    0.2141202091589509,
    0.7182393686836068,
    0.5038546552651155,
    0.4051239741983981,
    1.5827059397865906,
    0.5554910473734651,
    1.1843254495819169,
    0.16752043480890233,
    0.20061590520142492,
    0.268792114638881,
    0.5334870001342651,
    0.10741201864257421,
    0.5814451182071423,
    0.4267903239490751,
    0.2225179981951051,
    0.7382441796451111,
    0.6214846330235506,
    1.0648911116513737,
    0.4984957200280782,
    0.5998345401572074,
    0.07742553670181529,
    0.17159620687202626,
    0.3747857244262338,
    0.14252663298859058,
    1.160882672483706,
    0.13608309019067377,
    0.4916635056779999,
    0.17200282325842942,
    0.19433036519603308,
    2.1678927233836642,
    0.009350279696834995,
    0.23426639600660604,
    0.01839116677529873,
    0.49033361910780116,
    0.04284674000442834,
    0.4771343953382612,
    0.09914224878580224,
    0.053354418783551516,
    0.2804325658856346,
    0.20907964078531904,
    0.7743531560210233,
    0.25475617245435345,
    0.1090316339048023,
    0.005789166504336585,
    0.06929063741439045,
    0.11424505569477006,
    0.09243360795321465,
    0.13985103939670296,
    0.5764562192934264,
    0.16734599676242468,
    0.35045049446763343,
    2.0399209767208273,
    0.4008856451327798,
    0.015381265070659289,
    0.0109980184994809,
    0.3214535638457683,
    0.11834013857678638,
    0.5795202910884152,
    0.7509114267278143,
    0.17436020823220133,
    0.2226055037042105,
    0.010315400093264593,
    0.1611086299100677,
    0.07295078800189803,
    0.4107150816350025,
    0.06068509427671742,
    0.059251316814330934,
    0.017483175949675633,
    0.14268934777911557,
    0.09075560026988416,
    0.1101188664764905,
    0.13013369332037694,
    0.2702510638701483,
    0.09502416464609631,
    0.26454766050311385,
    0.08809518941948014,
    0.012139206612675757,
    0.21620085109611864,
    0.22197906067375328,
    0.09354661540854536,
    0.011659072397010695,
    0.21164696904650349,
    0.1432222852422873,
    0.6209178575023167,
    0.029124073657031957,
    0.28468943027731797,
    0.17939673679794765,
    0.1351765603334849,
    0.22844391678433418,
    0.02193753125954423,
    1.372,
    0.03494407749162676,
    0.07926054112938807,
    0.3328924019222139,
    0.21546630977954528,
    0.18309333141629125,
    0.08486284704176406,
    0.027955261994344838,
    0.23733759049691372,
    0.14601514991128894,
    0.09166250927042086,
    0.10906153306454991,
    0.06456856644350362,
    0.03677865473230568,
    0.055951042224219094,
    0.04497707691817876,
    0.0040390167324924064,
    0.11072918949106647,
    0.06090305764268411,
    0.08763991592252651,
    0.14727225748231376,
    0.13545923984324837,
    0.26110834453324827,
    0.045104785778342205,
    0.0649508917081878,
    0.08505967303899986,
    0.26749335377325245,
    0.39403899614605287,
    0.0025849941719915392,
    0.06810425403174847,
    0.08447622509579045,
    2.3790376752602267,
    0.0020679991381866714,
    0.02597580439434921,
    0.02078064351563924,
    0.10460576929286347,
    0.01712038071034705,
    0.04433773699925858,
    0.09412170767105987,
    0.033504932046390046,
    0.4612366767578413,
    0.89564531209703,
    0.1765255339792393,
    0.08669444773473955,
    0.002040003837753268,
    0.3184819540713004,
    0.4587519999999996,
    0.46712634215562865,
    0.01662451481274818,
    0.008009220768923964,
    0.14805380893714926,
    0.0012814415866344575,
    0.12168196247586316,
    0.0836846155133193,
    0.0015944729010515246,
    0.03734670742803825,
    0.06694769241629395,
    0.5691848773856751,
    0.00783640184998835,
    0.03003599328058737,
    0.13390419716340318,
    0.12222696053091298,
    0.07824551606847052,
    0.0010251532832059596,
    0.010163224278413097,
    0.3689903809085493,
    0.044858949675082194,
    0.07316551064783106,
    0.06805426277410476,
    0.0006471992217038647,
    0.07610118568461743,
    0.34767180969257083,
    0.0010445272632138014,
    0.3041212356485128,
    0.005561935705722831,
    0.03629312370923099,
    0.9837252714567022,
    0.1723370413376628,
    0.22262669979163263,
    0.07920302583341154,
    0.0006560981020511392,
    0.0711845499578887,
    0.1780844164894777,
    0.04059896507417626,
    0.09807114337353617,
    0.0006785543431853114,
    0.2549347866057756,
    0.10570933589451847,
    0.12980377744683835,
    0.2951924901857712,
    0.10712335779540183,
    0.1392579855813194,
    0.003262323875640405,
    0.09170418245081002,
    0.030869077726570993,
    0.37398534367690583,
    0.0846257502960861,
    0.10394497293358818,
    0.0734238030714689,
    0.05444350024143674,
    0.058759007701487675,
    0.23615402468911295,
    0.06632585090706122,
    0.11160348526884256,
    0.0001339495231755805,
    0.36700160000000004,
    0.05329356366643623,
    0.09528342278737512,
    0.002624461461560923,
    0.05447226422848939,
    0.0193887172677476,
    0.02112205324938632,
    0.004695553463460733,
    0.02346311177458915,
    0.026841336707047248,
    0.038141023815292385,
    0.08569868623866661,
    0.02833005080490736,
    0.007567327596870399,
