{
  "iterations": 491,
  "deltas": [
    1,
    6.604860799061577,
    4.611253945723998,
    3.648189418940651,
    3.9038735721236506,
    4.497863621354746,
    3.489731548311,
    3.871510904963749,
    3.2293410145098456,
    2.940842710121185,
    2.5702402947707004,
    3.2464855534380064,
    4.336584352657296,
    1.650268275022432,
    2.959354152865904,
    3.2776304568145633,
    2.770222208424812,
    1.5100248908343996,
    1.8651804487195651,
    1.4443796924144507,
    2.445968996432768,
    2.5007182120293194,
    1.4096364881694496,
    1.709338283672185,
    2.894721373661138,
    1.7386465778226885,
    1.4611373084589108,
    2.3541105045547948,
    1.583641619362524,
    3.10242247391775,
    1.4862363839712938,
    1.4651107058496553,
    3.1542702598926375,
    2.9371526547128184,
    2.5087681070809236,
    1.5563724676090764,
    1.5845618036321554,
    0.46513726691066926,
    1.1258004661433905,
    4.802429746195246,
    1.6974437048770046,
    0.7290882004854939,
    1.7975666024873904,
    1.148469130543445,
    1.447618386239581,
    1.3265830821230775,
    2.132930144691466,
    0.8283819527598428,
    1.97871612366953,
    1.856250090586208,
    3.394509771876855,
    0.9924971511160248,
    0.9988613015179162,
    1.6476467167415336,
    0.6354209094608585,
    0.8454286907781192,
    0.67425198195237,
    1.1336677068654097,
    0.5912968099465754,
    1.9758899999999997,
    0.9972397535040631,
    2.586215125882461,
    1.445328001498174,
    0.6271324533942888,
    0.950553720352131,
    0.3037886776308216,
    1.8948827055096022,
    1.676263487648816,
    2.3276701310737806,
    1.283677421659668,
    0.4495036557199583,
    0.25107600008126685,
    1.0138673720760298,
    0.5498148705110193,
    0.4252230551217391,
    1.9141583491682903,
    0.5283287134271326,
    0.6140342742619094,
    1.2425759255688718,
    0.7674465354761342,
    0.6482869148591135,
    1.1365062541989044,
    0.4604791175701717,
    0.7346341971144117,
    0.2988029622751167,
    0.31288282628191055,
    0.5896674451261141,
    0.7470314989007232,
    0.812848631724302,
    0.5266729502199965,
    0.45981582713683267,
    0.17238066234670768,
    0.982176407379642,
    0.3140856200632456,
    0.25172391982298237,
    0.44939089761114737,
    1.8921375799861448,
    1.3801263252440834,
    0.07635024489839282,
    0.8873738183689834,
    0.897553820562166,
    0.22895282270536832,
    0.5585340570087034,
    0.9989164976177953,
    0.06274528287916681,
    0.6286160312054339,
    0.24706290000000042,
    0.3573947064210312,
    0.8268820851374796,
    0.7879721339047396,
    1.5280377261456284,
    0.5948392556877931,
    0.5008464529847405,
    0.250429360958238,
    0.4101261342575562,
    0.578817459916606,
    0.22777455445383055,
    0.4309931886188778,
    1.8184443692907646,
    0.31851043932568146,
    1.124874722130821,
    0.8572420956904008,
    0.15656271281386225,
    2.315818092225639,
    0.141942074430494,
    1.7381687977033073,
    0.22975470659488195,
    0.4740044914708399,
    0.023818388630042264,
    0.1727026719226128,
    1.9758899999999997,
    1.3543388959281222,
    0.4253156706881729,
    0.40517222204261394,
    0.33430283135055383,
    0.1226998089582576,
    0.4138886095315417,
    0.08658461929208094,
    0.09201779028568424,
    0.2836205554300246,
    0.22346050278386542,
    0.7903715819016952,
    0.1599321515549761,
    0.23865670588722132,
    0.1225911861391058,
    0.8864803628441482,
    0.07450741072749656,
    0.16212401070050397,
    0.07673025609825324,
    1.1371705098756575,
    0.524163322066526,
    0.13704511830736443,
    0.15549636842946413,
    0.9851695358737684,
    0.36691438874423987,
    0.09615956188448749,
    0.09235698370145684,
    0.059289058568856134,
    0.17294403000000003,
    0.3426118187810534,
    0.13322654071360418,
    0.15399706744339703,
    0.542072618552826,
    0.028477495179878076,
    0.0847425746999999,
    0.25684013414538853,
    0.06759249389687838,
    0.10170269892495476,
    0.10428053703027906,
    0.42469185817073907,
    0.10983080967947778,
    0.2738947601667032,
    0.05931980229000011,
    0.12585167307990552,
    0.04536804312929199,
    0.1564590193711819,
    0.20989405642433834,
    0.21118854381745855,
    0.08392573530024094,
    0.38396683024908995,
    0.08809617311727536,
    0.06848039846534881,
    0.3361162151582704,
    0.018750428965354615,
    0.02158761302231582,
    0.19853438880105756,
    0.07396049681390338,
    0.6713827375053079,
    3.037785503383719,
    0.875923757608775,
    0.2513143674427205,
    0.1607478494732426,
    0.036888999180439086,
    0.07243767062218787,
    0.23625592267325857,
    0.051100192258399346,
    1.7398491926166977,
    0.05610744282360436,
    0.0783676815204597,
    0.01216229289706483,
    0.06008772537455087,
    0.021639700916216142,
    0.058754897556761776,
    0.2974728462046681,
    0.7691038016540919,
    0.6156909047417081,
    0.04210878964957576,
    0.01842304132130579,
    0.015493170945770629,
    0.06688800685737384,
    0.01289612893351233,
    0.10952164340307746,
    0.7797212980643504,
    0.17884845329248567,
    0.42890244471523964,
    0.07628037054703896,
    0.1197675248500687,
    0.03928533504346454,
    0.047668106751133976,
    0.018564643316944185,
    0.18360640919318527,
    0.012999355221017694,
    0.014695356027949913,
    0.017472742620192605,
    0.10779794992590475,
    0.03482041080310516,
    0.2739527802143975,
    0.014091344519817639,
    0.05070636944416229,
    0.9877558585677537,
    0.008335238924590982,
    0.010929678889882055,
    0.07451574436967867,
    0.35426296217118103,
    0.053374001982335884,
    0.023159301021607348,
    0.006869777853960812,
    0.03840016403020208,
    0.061369306875263874,
    1.4406203183430515,
    0.006905518946226152,
    1.1295575553265316,
    0.03458937671529849,
    0.02045242874030162,
    0.2082337105849703,
    0.014634240515301045,
    0.08763574211332248,
    0.003332988447193319,
    0.32600393166762665,
    0.25278980056561684,
    0.05339626254843033,
    0.04120721602130217,
    0.024355939321960562,
    0.21737701763273343,
    0.0015594630336845938,
    0.5933343537928302,
    0.004604911500988962,
    1.0103468731654166,
    0.004790146285458263,
    0.0026961785987626996,
    0.0008588403118778842,
    0.11223339702269186,
    0.5387103123157058,
    0.003941113207221569,
    0.02218136404832549,
    0.7266583499218804,
    0.037377383962358124,
    0.013023033384198968,
    0.01444613630697944,
    0.02430607998890011,
    0.41634393303545814,
    0.004310006922267462,
    0.07856337794473944,
    0.43172624441164587,
    0.00012072181911104707,
    0.7476488609351719,
    0.2921476728911543,
    0.0001356602610318447,
    0.002393767988928097,
    0.005078569176356851,
    0.025882287777243107,
    0.053665606361349205,
    0.0045177408980645595,
    1.21803654846945,
    0.008593812479091412,
    0.004465906319008894,
    0.010786406585195252,
    0.4823781598120007,
    0.0030396919418311796,
    0.07142419976195313,
    0.2531114131675487,
    0.4712432449340529,
    0.006687987386381877,
    0.10658821484763337,
    0.007652273830042411,
    0.00012008788428197192,
    0.2337043076113723,
    0.009433052446761181,
    0.31877395721808277,
    0.032267329667831746,
    0.04999694064197513,
    0.0012461338447913306,
    0.06577609259215578,
    0.02616416878956862,
    0.7084591968837977,
    0.0048487969654384955,
    5.419556503127865e-05,
    0.0023178092744213785,
    0.036920344848631714,
    0.07462222887721559,
    0.0008389778709627649,
    0.04298485221351456,
    0.01811760144406982,
    1.4494765332682675,
    0.013365572111443846,
    0.01254314733816031,
    0.033367674725793606,
    0.0022136930400513677,
    0.0009462612810535731,
    0.01701425599223061,
    0.7929328895053427,
    0.0007812676666159035,
    0.0035136860049700402,
    0.004005767466644272,
