{
  "iterations": 80,
  "deltas": [
    1,
    0.2,
    2.556,
    2.556,
    0.396,
    1.4000000000000001,
    0.11161023999999997,
    1.4000000000000001,
    2.240980704,
    1.9489592793600004,
    2.6300016,
    0.220960064,
    0.06903020011520011,
    0.24737735433748487,
    0.20956521220864,
    0.8960000000000004,
    0.036933424035921814,
    0.032020640391233535,
    1.0502097842048004,
    0.022137653009429492,
    0.019293419151541036,
    0.016701372716430685,
    0.2006419473713179,
    0.01231017440436899,
    2.600614652472321,
    0.011015472546909821,
    2.3896217985407997,
    0.007381943823348891,
    0.006237596452006056,
    0.005255710276266257,
    0.977251384002555,
    0.5734399999999997,
    1.372,
    0.2639515717471941,
    0.8117657979627282,
    0.0017607406143154147,
    0.0014782266186621484,
    0.2110264803466444,
    0.001238288596697501,
    0.27644742523347565,
    0.213125396026004,
    0.0005656733931429514,
    0.17656280640926125,
    0.00040766639321954123,
    0.7861658342517233,
    1.5269969336748863,
    0.36700160000000004,
    0.31252184917009485,
    0.6290958035694558,
    0.00017455757670026273,
    0.23488102399999988,
    0.00011784193169273038,
    9.672357839618506e-05,
    7.933888915023779e-05,
    0.1879048191999999,
    5.328572289098332e-05,
    0.29662794198008124,
    0.542986642289927,
    3.570851630452232e-05,
    2.9209074505320842e-05,
    2.3881068773823344e-05,
    0.2500460716145074,
    0.4343922756848979,
    1.3174160273132784e-05,
    1.0707693207212543e-05,
    0.5034808545964324,
    7.06843083797537e-06,
    0.12025908428800047,
    0.8407440878203918,
    0.06157265115545574,
    3.0717727574902653e-06,
    0.09248401728189837,
    1.9941815225799076e-06,
    0.3475147598412667,
    1.321471307047517e-06,
    0.27455851342184645,
    0.16003054700448738,
    0.12802445426432363,
    0.08641725082845264,
    0.2780119019046321,
    3.842808087295424e-07
  ],
  "rewards": [
    34.0,
    46.0,
    -32.0,
    14.0,
    29.0,
    -356.0,
    48.0,
    39.0,
    -30.0,
    9.0,
    -561.0,
    46.0,
    48.0,
    44.0,
    42.0,
    33.0,
    48.0,
    48.0,
    37.0,
    48.0,
    48.0,
    48.0,
    46.0,
    48.0,
    -45.0,
    48.0,
    -340.0,
    48.0,
    48.0,
    48.0,
    41.0,
    41.0,
    -27.0,
    46.0,
    41.0,
    48.0,
    48.0,
    40.0,
    48.0,
    44.0,
    46.0,
    48.0,
    46.0,
    48.0,
    37.0,
    34.0,
    41.0,
    46.0,
    32.0,
    48.0,
    39.0,
    48.0,
    48.0,
    48.0,
    39.0,
    48.0,
    36.0,
    41.0,
    48.0,
    48.0,
    48.0,
    44.0,
    34.0,
    48.0,
    48.0,
    41.0,
    48.0,
    41.0,
    13.0,
    41.0,
    48.0,
    46.0,
    48.0,
    41.0,
    48.0,
    42.0,
    32.0,
    46.0,
    46.0,
    37.0,
    48.0
  ]
}