{
  "iterations": 71,
  "deltas": [
    1,
    1.4000000000000001,
    0.14200000000000002,
    1.4000000000000001,
    1.1991208,
    1.4699112192000001,
    3.64069465696832,
    0.2626432,
    0.2555389374745549,
    1.0958466711363584,
    0.09480890486743032,
    0.08249090142994442,
    0.26094629690601323,
    0.061298212161244425,
    0.3632316743695103,
    1.4000000000000001,
    0.04467343834068749,
    0.2741073525364479,
    1.764765681414036,
    0.033119229225872626,
    1.3972,
    0.018623822095499953,
    0.015612427857375488,
    0.4012791750974882,
    0.010905067660369028,
    0.3257685498840184,
    0.007563636154891196,
    0.24969175040000002,
    2.429139246440327,
    0.004321395421836183,
    0.003576799993610935,
    0.0029571869198021794,
    0.0024423470757726218,
    0.8545475029984413,
    0.001661146979605732,
    0.2401578505669224,
    0.2698207525016203,
    1.023517225735449,
    0.2594816654532719,
    0.0005029271211274278,
    0.12109889943732233,
    0.0003424348530813859,
    0.00028217248068895806,
    0.00023231766313025481,
    0.2330980574238899,
    0.8196886192494066,
    0.8960000000000004,
    0.7168000000000001,
    1.3972,
    0.18140696839577175,
    0.10177744385159992,
    3.165655141068591e-05,
    2.6031728736386484e-05,
    0.13897951370798367,
    0.6558728188423428,
    0.14682083164181892,
    1.1530728063036122e-05,
    9.513959774665182e-06,
    7.842669679014591e-06,
    0.5734399999999997,
    0.6838825218817712,
    0.547106136034369,
    3.591650146850256e-06,
    0.437685079509186,
    2.4200297408238924e-06,
    1.984573251512245e-06,
    0.350148211683198,
    0.1333405837167012,
    0.10667285175198682,
    0.1491983243273498,
    0.4587519999999996,
    4.0524521316420703e-07
  ],
  "rewards": [
    41.0,
    19.0,
    48.0,
    -35.0,
    -483.0,
    4.0,
    -610.0,
    46.0,
    46.0,
    31.0,
    48.0,
    48.0,
    46.0,
    48.0,
    40.0,
    41.0,
    48.0,
    40.0,
    20.0,
    48.0,
    30.0,
    48.0,
    48.0,
    41.0,
    48.0,
    39.0,
    48.0,
    46.0,
    -29.0,
    48.0,
    48.0,
    48.0,
    48.0,
    33.0,
    48.0,
    46.0,
    39.0,
    41.0,
    44.0,
    48.0,
    46.0,
    48.0,
    48.0,
    48.0,
    37.0,
    30.0,
    41.0,
    41.0,
    22.0,
    46.0,
    46.0,
    48.0,
    48.0,
    39.0,
    41.0,
    46.0,
    48.0,
    48.0,
    48.0,
    41.0,
    41.0,
    41.0,
    48.0,
    41.0,
    48.0,
    48.0,
    39.0,
    46.0,
    46.0,
    46.0,
    34.0,
    48.0
  ]
}