{
  "iterations": 68,
  "deltas": [
    1,
    2.52,
    4.4898902137728,
    1.0266656000000003,
    1.1912800000000001,
    0.2745427840000001,
    0.6471680000000006,
    0.10170099200000005,
    0.6967465779199999,
    1.4000000000000001,
    0.9180332935813116,
    1.2154863999999999,
    0.06063472807935999,
    4.467278978123875,
    3.3271753888771842,
    0.04471649810391032,
    0.03824709964562434,
    1.050382649304023,
    1.6479121722126342,
    2.0456178740912394,
    0.5734399999999997,
    1.1633507736836473,
    0.3787917967538297,
    0.524883928447994,
    0.3105235273243905,
    0.6942663389999106,
    0.007399820551316383,
    0.19528284716700117,
    0.15639628292698404,
    0.8904859164737537,
    0.2473150567914797,
    0.28325037069607095,
    0.0018930620702115597,
    1.3629519244340225,
    0.41120607975710755,
    0.001639791085146891,
    0.29360127999999985,
    0.23488102399999988,
    0.10167114998147442,
    0.1879048191999999,
    0.000592089248710792,
    0.0004964891097727353,
    0.0004154454564615495,
    0.18106134270900176,
    0.102769870981545,
    0.19720118533069453,
    0.16734130071560616,
    0.00016155465259259927,
    0.06597141338256485,
    0.3288381492718049,
    0.9978559051412343,
    0.18796678420903046,
    0.02640436814746039,
    3.104066461223631e-05,
    0.038030228239398944,
    0.35605911852894234,
    1.9656071033713474e-05,
    0.31489611882660484,
    0.10117248509868126,
    1.0311887040703738e-05,
    0.11196486668588812,
    0.08957227216993502,
    4.8972088864118746e-06,
    0.12776532794301243,
    0.13828388162061156,
    2.150570003399712,
    0.20268162861829708,
    0.28595263118938874,
    9.112888947893083e-07
  ],
  "rewards": [
    41.0,
    -1099.0,
    -537.0,
    32.0,
    28.0,
    44.0,
    39.0,
    48.0,
    35.0,
    7.0,
    30.0,
    -44.0,
    48.0,
    -8.0,
    -775.0,
    48.0,
    48.0,
    34.0,
    8.0,
    -18.0,
    28.0,
    4.0,
    25.0,
    32.0,
    25.0,
    -23.0,
    48.0,
    41.0,
    41.0,
    30.0,
    31.0,
    27.0,
    48.0,
    23.0,
    3.0,
    48.0,
    37.0,
    41.0,
    46.0,
    32.0,
    48.0,
    48.0,
    48.0,
    42.0,
    41.0,
    39.0,
    26.0,
    48.0,
    41.0,
    6.0,
    19.0,
    16.0,
    41.0,
    48.0,
    34.0,
    25.0,
    48.0,
    42.0,
    41.0,
    48.0,
    42.0,
    37.0,
    48.0,
    33.0,
    26.0,
    -410.0,
    1.0,
    -14.0,
    48.0
  ]
}