{
  "iterations": 326,
  "deltas": [
    1,
    1.2246879999999998,
    4.2206399999999995,
    3.1021885119999997,
    3.4130815526014615,
    2.1124751346460164,
    2.412605865586176,
    3.0209599895786248,
    2.9369023029537598,
    1.6998166549353746,
    2.757496636194575,
    3.309549444745579,
    1.2856917419088942,
    2.002622988878747,
    2.1011158896272004,
    4.31417331621066,
    0.5788658726420488,
    2.050999989145782,
    2.489086922218867,
    1.4532927487325926,
    1.672595486979894,
    1.3825179777784342,
    2.90862277367921,
    0.9123932885919075,
    1.1724713944270562,
    1.8344210266465328,
    1.4345054965434105,
    2.108724975528416,
    1.372,
    1.2611561728,
    2.379533847656641,
    1.113693161424397,
    1.2668452993215045,
    2.4031156962048694,
    2.238200947519739,
    1.2841734460180714,
    2.089686615506145,
    2.1619539279473186,
    0.7410093958056709,
    1.608881615739806,
    1.0376012182753716,
    2.3492019035908527,
    0.9085403971671235,
    0.6359817292533823,
    0.9556743147629643,
    1.9614313692825327,
    2.605018734824654,
    0.9559857998550907,
    1.7868641293765073,
    0.9271167970113972,
    1.0903008744514242,
    2.086149654599727,
    3.2178320479349214,
    1.8914178256950454,
    0.9947388266349524,
    0.035219285339707085,
    0.7943978726792569,
    0.6806867615042389,
    1.2351548437152866,
    1.3747544897894937,
    0.9118153358861321,
    1.053032144351377,
    0.8488464345629243,
    1.348352873666057,
    0.4260903638381368,
    0.32724092604710275,
    3.180514639211273,
    0.8785248210662617,
    2.084215116637762,
    0.795329935579387,
    0.310731489693195,
    1.2662316969363658,
    0.4641395591323896,
    0.3442552301994457,
    0.7062038002189546,
    0.574518554876132,
    0.7046725388191257,
    2.86569246865574,
    0.5147287170594819,
    0.36499271972948577,
    0.6841256158097266,
    0.5719624551999019,
    0.8255606899189054,
    0.184317892123266,
    1.2048418723572247,
    0.5537412758725555,
    0.5315131903452546,
    0.4900613920550807,
    0.7090930315690773,
    1.0321919999999993,
    2.0065003692402907,
    0.5273744239283076,
    0.44961211620695174,
    0.7274465090844373,
    3.319459707352493,
    0.5110039438677845,
    0.40219872634842346,
    0.6896025165764978,
    0.7104331141530018,
    0.4267338103520384,
    1.096405672942459,
    0.11522920915667179,
    0.39281203522959274,
    0.36700160000000004,
    0.4831960466227887,
    0.2932412820427661,
    0.4815706875675856,
    0.42218669406736176,
    0.5645465522701727,
    0.9931126422616181,
    0.26059622335612787,
    0.08809681716902507,
    2.7757820290877815,
    0.3048019521665477,
    0.05295678468359988,
    0.3109253049311018,
    0.40881479189503267,
    0.4085748970088936,
    0.8640083324075736,
    0.29360127999999985,
    0.723833088800756,
    0.3377681622791844,
    0.741283221783485,
    0.3943763659342707,
    0.1402273324307206,
    0.30820527166471656,
    0.10956443618238332,
    0.11219166351278353,
    0.3613123761317443,
    0.32705198777762945,
    0.2759913735765842,
    0.19883870496859224,
    0.22110410674368808,
    0.2161736199088402,
    0.0013641630832061935,
    1.2267829209813916,
    0.26164159662963726,
    0.28904998776993907,
    0.3112902217985898,
    2.0432161874512706,
    0.617637571330139,
    2.1855527362976797,
    1.2116742062751005,
    0.16682827160706282,
    0.0006080087188955474,
    0.14558604458641433,
    0.19725137461649922,
    0.09264750079415762,
    0.20931327897665142,
    0.3028593645902795,
    0.058574435101669486,
    1.3643279857094104,
    0.10021248548048511,
    0.03746077936326131,
    0.2196105242941382,
    0.175688548804656,
    0.3271900518990698,
    0.1405510404882513,
    0.11244090972676801,
    0.056471199689775986,
    0.3349443487801764,
    0.1527723221096231,
    0.30141112211556553,
    0.26227074839990294,
    0.3776704081033202,
    0.9756770775480028,
    0.09573795742631752,
    0.7805416940190426,
    0.0977742863032951,
    0.10716839898226205,
    0.4551542391428596,
    0.035739078950566494,
    0.14799360745306167,
    0.12025908428800047,
    2.5268247961562906e-05,
    0.13428424313395304,
    0.05757002540911316,
    0.11839488597693126,
    0.6244334187271647,
    0.09471590878416869,
    0.4995467375068898,
    0.06198618401472267,
    0.11396793047484977,
    0.11911221709792486,
    3.1494881031655257,
    0.3904178425875777,
    0.31233472395735795,
    0.07696581394432034,
    0.3996373940346043,
    0.06858777535027016,
    0.15506447906598986,
    0.08079416305041143,
    0.3197099161659356,
    0.06157265115545574,
    0.019429596181112174,
    0.04958896393418755,
    0.028343543151387873,
    0.09362029353014556,
    0.04925812092436477,
    0.2498704366908644,
    0.03495527437875445,
    0.11633618012641733,
    0.04389617622419273,
    0.08594211241567606,
    0.25576793348846927,
    0.09117625889756731,
    0.19989667199761385,
    0.13721823237980857,
    0.04106896563328455,
    0.074040011335617,
    0.049219635161700026,
    1.2375388116749297,
    0.09306894456900672,
    0.13129389351577103,
    0.03520189029546117,
    0.028228627012202523,
    0.12793398434658165,
    0.07659036594484192,
    0.020176126330619937,
    0.04849454530071817,
    0.05991752507532411,
    0.03103650899246091,
    0.4974698118052743,
    0.028161512426093438,
    0.028110236021849033,
    0.04190615354112914,
    0.022488188817479937,
    0.016058797191504937,
    0.10234721358455445,
    0.07445515570687355,
    0.04793403113493433,
    0.09607672783666743,
    0.061272292755873536,
    0.14443809761597803,
    0.008626301948366333,
    0.03903097330891647,
    0.026819938671591714,
    0.054684266223633315,
    0.2046143468327486,
    0.015413252316345272,
    0.012048418243180592,
    0.01799055105398395,
    0.06550221997930805,
    0.023580688495957958,
    0.9959938101393488,
    0.015543676946959906,
    0.034997930385024745,
    0.03309328918544807,
    0.05956412456822591,
    0.006611313076017922,
    0.009638734594553,
    0.29820854528476914,
    0.13095318197302142,
    0.3641418007105415,
    0.29131365475702786,
    0.03921426736375899,
    0.008545952427750692,
    0.026474631348358812,
    0.0225829016105763,
    0.03834722800559298,
    0.027998344308445056,
    0.03137141389100684,
    0.017164760818104696,
    0.020725114814188927,
    0.030677782418150557,
    0.9760974136041103,
    0.013374161596581224,
    0.05240177644496136,
    0.04192142115723563,
    0.008227858683119038,
    1.4052378059049335,
    0.02117970507868705,
    0.00760594817939797,
    0.08381003646273655,
    0.003002635206001969,
    0.022398675446789085,
    0.007399965199754277,
    0.007462934719056236,
    0.038121039723721495,
    0.04668228922307449,
    0.06036684647108714,
    0.0670480291701896,
    0.01441869438598431,
    0.010952565378334,
    0.02749040429169014,
    0.017171014107494997,
    0.03049683177897755,
    0.5021602764562996,
    0.009501958941561028,
    0.0066748659954551925,
    0.01938597799297659,
    0.016943764062949285,
    0.010322105631978218,
    0.04291073866892248,
    0.004409746606887532,
    0.019633780752968732,
    0.013736811286088724,
    0.001477518232780639,
    0.02439746542318133,
    0.011534955508787803,
    0.01570702460238671,
    0.06722249648136902,
    0.007958362596843571,
    0.403341128486705,
    0.012073312509945922,
    0.0015683291782924158,
    0.019517972338544354,
    1.0415892464762933,
    0.005895143769370392,
    0.010985446923942987,
    0.034328590935137626,
    0.01146812182875756,
    0.0047133160325589785,
    0.04302239774807859,
    0.015296852532650007,
    0.006710255641871221,
    0.009227964407029887,
    0.0026942201152468925,
    0.0076673876003852115,
    0.0030183136099175556,
    0.010989449028885545,
    0.013553982233132977,
    0.004018952789786923,
    0.0003083853556189453,
