{
  "iterations": 74,
  "deltas": [
    1,
    2.556,
    1.4000000000000001,
    0.196,
    1.156,
    1.24312,
    0.11195840000000001,
    0.23378099200000002,
    1.2834554310400004,
    1.02161408,
    1.2925574578048,
    0.09121009664000002,
    0.25772848209919996,
    1.1521710580121605,
    0.05829598117888013,
    1.1062247727423484,
    0.05220306255871998,
    0.04374157097697284,
    0.9617470219461595,
    0.31724942079932084,
    1.4000000000000001,
    0.020787843667543937,
    0.01744092286696186,
    0.014601256639910742,
    0.012199819989001659,
    0.010174907732859895,
    0.7991962641707069,
    1.1199999999999999,
    1.6128000000000005,
    0.27568844800000003,
    0.0034017134481387767,
    1.3051214883328,
    0.864129013363951,
    0.10697917235199994,
    0.002316364861228326,
    0.0019087991907504875,
    0.0015716051940146691,
    0.0012929368283431941,
    0.2076967340794903,
    0.19964914827714564,
    0.0007276986632274163,
    3.2678659212258427,
    0.8012724029524456,
    0.0003894047573942405,
    0.5183216121414853,
    0.00026118209669423464,
    0.1662333454002971,
    2.4820084856799722,
    0.1567406587104101,
    0.5533206510639461,
    0.00011736832690334431,
    0.09124554824060604,
    0.13299797489261334,
    0.4426631096760154,
    6.398629348614016e-05,
    5.170284395838998e-05,
    4.177332250221433e-05,
    3.374749587004011e-05,
    0.41494582520880297,
    2.2019309828369416e-05,
    1.7783812851446257e-05,
    1.4361742271873368e-05,
    1.1597147410391528e-05,
    9.363920802307746e-06,
    7.5600989413171504e-06,
    6.1032489924173206e-06,
    4.9267350654691455e-06,
    0.641485128228803,
    0.24592998858752002,
    0.14730523300916065,
    0.5131894746675716,
    0.8919528973413078,
    0.3319812926809096,
    0.10640235702437395,
    5.929813666760708e-07
  ],
  "rewards": [
    41.0,
    -37.0,
    18.0,
    46.0,
    37.0,
    -1258.0,
    48.0,
    44.0,
    6.0,
    37.0,
    -4.0,
    48.0,
    46.0,
    -2.0,
    48.0,
    32.0,
    48.0,
    48.0,
    31.0,
    46.0,
    41.0,
    48.0,
    48.0,
    48.0,
    48.0,
    48.0,
    39.0,
    41.0,
    32.0,
    46.0,
    48.0,
    31.0,
    41.0,
    46.0,
    48.0,
    48.0,
    48.0,
    48.0,
    46.0,
    46.0,
    48.0,
    -197.0,
    32.0,
    48.0,
    41.0,
    48.0,
    46.0,
    28.0,
    46.0,
    39.0,
    48.0,
    46.0,
    46.0,
    41.0,
    48.0,
    48.0,
    48.0,
    48.0,
    41.0,
    48.0,
    48.0,
    48.0,
    48.0,
    48.0,
    48.0,
    48.0,
    48.0,
    37.0,
    46.0,
    46.0,
    41.0,
    33.0,
    41.0,
    46.0,
    48.0
  ]
}