{
  "iterations": 396,
  "deltas": [
    1,
    1.4000000000000001,
    1.4000000000000001,
    2.18216030208,
    3.4592,
    3.537849344,
    2.46427505990697,
    2.3285697077544825,
    1.7003904107446477,
    3.2017183789139523,
    1.3008286488232468,
    1.029069262974196,
    1.2154655484581403,
    1.2026444800000002,
    2.3227796341833082,
    1.5707044762997677,
    0.4847909960500978,
    0.9046464822945968,
    0.8933756904156476,
    1.5805907945195536,
    1.6949104655118505,
    2.6997152605350077,
    0.5918189195016392,
    1.3523142384038742,
    1.1195299496592583,
    0.12543000952454242,
    1.133130480980578,
    1.288,
    2.1768539350888574,
    0.23932671999999997,
    1.114867843265921,
    0.9039079382034414,
    2.204660911631886,
    0.18631219909029118,
    0.39135752241509536,
    2.191175584198458,
    0.4455053285402766,
    0.2803333950619846,
    1.3767756667977284,
    1.316545974200226,
    0.7344906682437822,
    0.9055527799981977,
    0.42262665224478724,
    1.0623806316131583,
    1.3190428813797093,
    0.347357232557707,
    0.7722211153413872,
    0.3537546214780063,
    0.5410302741693274,
    1.803657033670282,
    0.43381963847437,
    0.734423117111608,
    1.665925648354666,
    0.04786139066031003,
    0.7551370094449501,
    0.37313594223134317,
    2.0874075263942378,
    1.8967790915727591,
    0.1140790718068665,
    0.04931310048246296,
    1.3494101700893353,
    0.2329264364241812,
    0.9164062671905291,
    0.0854097836179799,
    0.7446689071011949,
    0.06678278178333508,
    0.1451639800266752,
    1.1587083345669558,
    0.13945372672,
    1.5758941091112693,
    0.18593303194473965,
    0.5034371307354846,
    0.8664453992444283,
    0.1240727739171259,
    1.1187864027196373,
    0.9247951419859435,
    1.3308086020008005,
    0.012928066150561524,
    0.032941203541087205,
    2.0694270890850053,
    0.8858388165065438,
    0.03947554302598988,
    0.40409655072169137,
    0.4113522873561717,
    1.3360756310971844,
    0.7602514749925282,
    0.9971621602235778,
    1.0524950276341785,
    0.035011283382305525,
    0.09901643340344668,
    0.6750355733235285,
    2.2031201512966287,
    0.10294787368571967,
    0.38195343673951054,
    0.0246931576502325,
    1.32820115644944,
    1.1534079306202827,
    0.24316998826963587,
    0.32430196777743614,
    0.21749451656149166,
    0.2594978266559016,
    0.7046235488540482,
    0.11163238399999997,
    0.41010089940760874,
    0.19923213139833962,
    0.9111602626388287,
    0.36700160000000004,
    0.5961105277197252,
    0.7653716594153526,
    0.02091529180275975,
    0.324601791349056,
    0.38869702167239506,
    0.008256050023959904,
    0.39117469012250883,
    0.015048863341057483,
    0.033580426854778356,
    0.5659826387824545,
    0.7545416177206441,
    0.30950693961058207,
    0.319999991912016,
    0.43202977106151685,
    0.1989430126241114,
    0.255999997476549,
    0.9354335862434295,
    0.260566559780429,
    0.011876029219901163,
    0.009158287203157478,
    0.2874483230818168,
    0.45496701361515246,
    0.00732673913512194,
    0.01863784987512629,
    0.3921686088838747,
    0.6310531399739476,
    0.04587271824730932,
    0.11119074355581282,
    0.20480000167764534,
    0.6404183184883978,
    0.3134544008790465,
    0.15952451492013164,
    0.029137896258911944,
    1.142620102729388,
    0.0018192012995563722,
    0.007804939639642239,
    0.20997177458018168,
    0.18726654567587087,
    0.36516374743348745,
    1.4316115752216643,
    0.13379667299012432,
    0.3456238859104319,
    0.12762295652178057,
    0.16797741971429936,
    0.003037109600025456,
    0.721953378887565,
    0.11985536210903547,
    1.1123211205748795,
    0.1264869189316773,
    0.2764991093764566,
    0.015319444673644877,
    0.1071255580127044,
    0.3815430026171027,
    0.251422668820652,
    0.0030791973438870635,
    1.2542477370327039,
    0.1459157318124653,
    0.1769594302166997,
    0.2014795905762199,
    0.3137907738666943,
    0.0022900889926966705,
    0.254821579604136,
    0.16135585380331818,
    0.023438407118678395,
    0.017193256015687775,
    0.002623440063816762,
    0.09060322832481749,
    0.08582840341274611,
    0.017895203690287076,
    0.07248258266707364,
    0.41429670111054406,
    0.001754867711809549,
    0.2441875755561176,
    0.06871171876458426,
    1.082907444053737,
    0.09588430356317712,
    0.2510339328930904,
    0.08780521693850885,
    0.45945213736662627,
    0.06157181866064443,
    0.07670744291172937,
    0.02228767609984117,
    0.0002468555082693058,
    0.1621223882709364,
    0.025221198623145646,
    0.03361275668972574,
    0.008560843915065952,
    0.06880355112771586,
    0.07645760431788218,
    0.1474140534637174,
    0.06127325678981532,
    0.16849447731879685,
    0.02903555044349959,
    0.032993630025467624,
    0.0003112409056198473,
    0.0838860809679276,
    0.061365954356864094,
    0.2008273553892952,
    0.006351167962684201,
    0.8663730575768405,
    0.03526743127958021,
    0.1302043523984775,
    0.005484558848084742,
    0.13489879139709693,
    0.008055155232575828,
    0.039444634252110644,
    0.035227418177393055,
    0.1041933230684835,
    0.0891365731533118,
    0.02818193454191409,
    0.001438401193861072,
    0.053687091819474286,
    0.02254554763353145,
    0.0002216645640733539,
    0.01803643810682498,
    0.1250240406655596,
    0.14906771650554873,
    0.03740455977220947,
    0.04909276348873437,
    0.1020999308733721,
    0.007340661675768523,
    0.10805154363406455,
    0.0226371481042289,
    0.00018174901419198974,
    0.11798920994807727,
    0.008904537419214265,
    0.0579860661413667,
    0.004877675171464535,
    0.09440309250985024,
    0.031219632731774638,
    0.07552671770922714,
    0.0019758978555404205,
    0.005907805719201686,
    0.03927421079116655,
    0.0835460515693871,
    0.052595515523142566,
    0.018132775820330238,
    0.024975706185440316,
    0.0003497065451947279,
    0.5124829202525181,
    0.08167994475012641,
    0.01998056494835554,
    0.035994894247671994,
    0.004507108911232516,
    0.012000471133799095,
    0.006260838801066981,
    0.16066190117491352,
    0.0029401675968454555,
    0.02406973183961192,
    0.13709822407475203,
    0.02156444533569335,
    0.11925422109109718,
    4.66641760232811e-05,
    0.05227516464393034,
    0.012787561566949268,
    0.0954033776795713,
    0.06076630834386565,
    0.0031989152497073903,
    0.006996594261469369,
    0.0018880893393902198,
    0.005027095748383115,
    0.030501148227024988,
    0.5785847916282236,
    0.06690131149187728,
    0.07620229794680022,
    0.29450132936252693,
    0.0009214647480502158,
    0.009600376907107133,
    0.0009504138395017847,
    2.4401259489881255e-05,
    0.041820131715699205,
    0.08365965497964378,
    0.06692826407075181,
    0.009234656310694866,
    0.14402769485973188,
    0.12852952098735138,
    0.029688865864380354,
    0.0004718411721518212,
    1.9338599538176737e-05,
    0.02513549490635647,
    0.03435973876446341,
    0.002874210078468664,
    0.10282361679017171,
    0.019000874153203284,
    0.0013320552542461783,
    0.08225889343223791,
    0.020309222291692297,
    0.004512375344272179,
    1.4316786834722706e-05,
    0.05120984706123899,
    0.08655455629196496,
    1.2403642828395789e-05,
    0.005137632980369622,
    0.23562005588931445,
    0.011634962906610369,
    0.0012176729475203985,
    0.004915392976439836,
    0.004148079585480247,
    0.003932314381152047,
    0.040967877648990125,
    0.0014756243762192867,
    0.0009752850488755627,
    0.0003872187478601852,
    0.07632270254471685,
    0.1884984155225018,
    0.03177847381351473,
    0.009309829773952671,
    0.10990469166713446,
    0.053571350543794694,
    0.27144226669398996,
    0.01216055945805028,
    0.09651339021304306,
    4.183329370910371e-06,
    0.0772107549106762,
    0.02376357428013609,
