{
  "iterations": 458,
  "deltas": [
    1,
    4.454497018175262,
    5.571074427509932,
    2.4967823010992003,
    4.59607910009017,
    3.5658942027998273,
    2.591942667894478,
    3.075165727336473,
    3.9324427011973127,
    2.240697070447231,
    2.5046058956197843,
    2.7974807302813867,
    1.5893425208258432,
    1.4634707427683225,
    1.8162999857382243,
    1.9167872298838304,
    1.0584346866891092,
    2.61016365000361,
    2.360163041520714,
    1.4938583325783092,
    2.046505633303049,
    2.3222495957433438,
    3.129252089631608,
    1.8221946346060633,
    1.550184380252972,
    0.5064332480286033,
    1.3095422879484175,
    1.3186264579034521,
    0.5776187363531431,
    1.0659023658259272,
    1.5769004794811723,
    1.017531031635234,
    0.945637950529953,
    0.45709995856878827,
    0.49273310500448453,
    2.3272371937562255,
    0.7442659734708208,
    0.2680005664384897,
    1.0177814375964225,
    1.5159117005270613,
    0.7694519855798614,
    0.6406711929925537,
    0.8767173921105567,
    0.8004889283941417,
    0.9551107100288725,
    0.9585046400364643,
    0.31397653122726865,
    1.4602234052347942,
    0.4588549241644877,
    0.24242488178751742,
    0.5242419272569592,
    0.33900344289408046,
    0.5223124977616358,
    0.5265561359472102,
    0.46037969807489887,
    0.46997049214798814,
    0.6914126076075711,
    0.6333642258760115,
    0.35604090004473754,
    0.17755620524829574,
    0.3437161512224005,
    0.5759530517018252,
    0.2658435831676247,
    0.537760662895419,
    0.3109518656236112,
    0.31908469557166086,
    0.5354729339363686,
    0.5432531484047303,
    0.2818635849180904,
    0.43936041009771465,
    0.444617901840358,
    0.22593883050375396,
    0.40426600833154325,
    0.5169498451200614,
    0.7950296779606809,
    0.48522212117654284,
    0.2513012002423345,
    0.23638632400113835,
    0.571715705569467,
    0.2681843937008832,
    0.15881527645490223,
    0.10835528556307672,
    0.5499748406086882,
    0.5171261680161106,
    0.4400886758107161,
    0.20856875997508162,
    0.9075232250228895,
    0.8196584603721879,
    0.2700617770006595,
    0.8234515554912507,
    0.17788266284451382,
    0.2480936240587237,
    0.20429614671055418,
    0.08938579103377542,
    0.4415709246971833,
    0.7494838795927219,
    0.11066841151149376,
    0.12330015896460012,
    0.3345386370126171,
    0.21972709108303512,
    0.36388982166620565,
    0.12680208582063024,
    0.13722712237971812,
    0.5293284227105168,
    0.3523635432511085,
    0.17316926313832148,
    0.7694707025125735,
    0.3029460471362775,
    0.324316142020006,
    0.6076816705381223,
    0.4951504334146124,
    0.11349444832255351,
    0.24564400660196917,
    0.24028533414898767,
    0.29335937364619546,
    0.35030801744110285,
    0.20920511630509786,
    0.40915907845345956,
    0.5468318817555726,
    0.35982059422392254,
    0.10840704351982744,
    0.11914138825751941,
    0.057296273960664834,
    0.04667446166703826,
    0.28198671462168523,
    0.07643649068800507,
    0.5014470844468644,
    0.07873107517766886,
    0.47358893418716086,
    0.3022597795640589,
    0.8412151118436402,
    0.20694207534990205,
    0.2146441500250944,
    0.11291644647509536,
    0.27689621840318956,
    0.0909961772781358,
    0.09857877875613141,
    0.12777214139929605,
    0.3980309307411538,
    0.09024907514304559,
    0.04300579117471237,
    0.29579103026722464,
    0.18050290993972062,
    0.14440428797820992,
    0.8038000522725683,
    0.04616921895383008,
    0.32287493956954627,
    0.06841044259178375,
    0.057303378444654385,
    0.299467174532122,
    0.20527816928151843,
    0.17404824019810405,
    0.03164312281879056,
    0.20349561664450277,
    0.0637477951385037,
    0.06827612046728682,
    0.08816656890562502,
    0.3677683797893714,
    0.22265915314503637,
    0.1335497643739192,
    0.061968861827686794,
    0.06571580200820648,
    0.23841441222269388,
    0.2612965611870184,
    0.3502442993646149,
    0.07457159418350123,
    0.834714284959496,
    0.1656574106007973,
    0.021847551506256835,
    0.052940582789359425,
    0.011307761188721344,
    0.04799683645863695,
    0.07065812758124412,
    0.32269039765670016,
    0.2190692593367931,
    0.03851027891713876,
    0.33115031784460314,
    0.030902581474451907,
    0.1617940400630049,
    0.03889966780194243,
    1.0503633841488238,
    0.1348780995443839,
    0.03590205975316074,
    0.047956667350026905,
    0.42769102346604804,
    0.15210835110529963,
    0.1372181213662227,
    0.03894510757079672,
    0.01606080728699233,
    0.038299832642650244,
    0.03265831445061984,
    0.01082404501510581,
    0.12171910542757836,
    0.04565610153372468,
    0.010017794217402454,
    0.044759217801319195,
    0.1612532269488618,
    0.31470066135358543,
    0.03129942296195409,
    0.11585407780109769,
    0.109263323029829,
    0.09352406581581185,
    0.47660908435536875,
    0.09787073620300113,
    0.23918717287208757,
    0.02922717386425866,
    0.11553092567680512,
    0.21370177902668175,
    0.06069077904153275,
    0.04233713869050959,
    0.06205649547339931,
    0.053415968682086756,
    0.006656615113893594,
    0.08647985315184492,
    0.017461298976046535,
    0.3065565690111427,
    0.09242490880945464,
    0.023913271374125245,
    0.02124412463270353,
    0.14380801657495113,
    0.39463657308365363,
    0.09748870860552827,
    0.04528930498945627,
    0.008032265734259525,
    0.02731632048010013,
    0.03069228057758444,
    0.030090374387635066,
    0.32131817023682885,
    0.02328191419359804,
    0.31620187007979617,
    0.08446463990503084,
    0.0403353478737678,
    0.0739400132007848,
    0.002604930146953066,
    0.006648999663534383,
    0.45548769452718396,
    0.02273912207414064,
    0.0787347066790911,
    0.011810727572457935,
    0.5630424167513688,
    0.024553825164041143,
    0.05915208199468047,
    0.05172447601080066,
    0.03501516561707341,
    0.16198293275342301,
    0.19905778315484035,
    0.11292256618632202,
    0.07388477097127932,
    0.2610278155257628,
    0.0011692306949253606,
    0.006430710761975433,
    0.06103917312344542,
    0.01657244933619495,
    0.15460435474770762,
    0.16189700553257858,
    0.003116876191471718,
    0.005423216275243448,
    0.11049462043063407,
    0.047551578556497276,
    0.159246226523873,
    0.0027471549037230147,
    0.07236662699988905,
    0.05791544039167462,
    0.0009412987188071043,
    0.6597253448666622,
    0.03841103703469173,
    0.05911162705073458,
    0.1088400683042039,
    0.01858470030741266,
    0.02899020029981969,
    0.023790857633552598,
    0.02542869015649707,
    0.0012784802455101385,
    0.004843173112626609,
    0.003644050877847249,
    0.02973391713179474,
    0.00024115628990273308,
    0.12776730747576437,
    0.003876414395826977,
    0.023232089093482955,
    0.0004976922017103647,
    0.005131943411930351,
    0.01855406772214696,
    0.002179579601151005,
    0.03246145231033104,
    0.060559361509396226,
    0.05682903377639725,
    0.0010231732064234222,
    0.00039319186450548216,
    0.18677533485547748,
    0.005731180029997063,
    0.00028121994832019936,
    0.001433435172476294,
    0.009808966357528703,
    0.013385650307547792,
    0.037125660328202414,
    0.006968436018199853,
    0.029711279614678787,
    0.02800000309173889,
    0.0064722407880690724,
    0.005655273736232758,
    0.10235398686378616,
    0.08192864635340058,
    0.0454722142404691,
    0.0012787238352043317,
    0.009124834288311234,
    0.00010385087180431185,
    0.023769854023022674,
    0.006932972083138367,
    0.025441340830450798,
    0.0193829654762272,
    0.04861627114460276,
    0.08513715278345657,
    0.00729274219995979,
    0.03638352321749494,
    0.15472041830335392,
    0.00020138433072425244,
    0.00031340281948644133,
    0.02127028259506325,
    0.11957474922890832,
    0.00572133094564542,
