{
  "iterations": 80,
  "deltas": [
    1,
    3.5,
    3.0213400898437506,
    6.70803125,
    2.9655513906250004,
    5.475,
    5.213279427392047,
    4.513690565917969,
    3.325,
    5.07305735546875,
    3.836148067776537,
    3.814223674657617,
    3.5,
    5.0922734051220715,
    3.9951087042937816,
    5.023547330859374,
    3.968649027222871,
    3.2130312499999993,
    1.858020061441806,
    2.7245014837729364,
    5.612998933593751,
    2.662952908779742,
    2.495179707368761,
    6.895350653898753,
    1.8713847805265722,
    1.216567336452008,
    3.077461611642109,
    3.802038945951998,
    2.198449718656379,
    1.6278822901828676,
    4.96202501857702,
    2.0875281048451058,
    2.3570903463143393,
    2.055947859562073,
    0.6603860172713585,
    2.8185979760953384,
    1.6706767481730793,
    0.3592752465057458,
    2.341369092446655,
    0.8515552349829072,
    2.235880606436899,
    0.5923453874816467,
    2.861187378613616,
    3.1331138183593747,
    0.0959274558511769,
    0.41523219090629837,
    0.07916586995956365,
    0.9700835881329013,
    3.2226585496465603,
    1.6113311828819263,
    1.9205551328307928,
    1.121700394062481,
    0.42437499999999995,
    0.48504187507584184,
    0.9224538273283454,
    0.14270408306317073,
    0.19518735997853653,
    1.5580464348820957,
    1.53234904112501,
    0.5611390034791004,
    0.4079146541532275,
    0.09759367998926827,
    1.2085036193255583,
    0.7824266617363538,
    0.07432990223721347,
    3.325,
    0.02187500083819338,
    2.196015499951735,
    0.010937500419096802,
    3.2156249999999993,
    1.743690587611649,
    0.2014172740445055,
    0.29365779910440715,
    0.14683425755459112,
    0.22266283334353254,
    1.0427178649873419,
    0.14165595822794064,
    0.058836713277552466,
    2.037973307209189,
    0.9419908141489124,
    5.484711120828933e-07
  ],
  "rewards": [
    -1458.0,
    -661.0,
    -103.0,
    -1548.0,
    -13.0,
    -698.0,
    -104.0,
    -318.0,
    -36.0,
    -912.0,
    -66.0,
    -125.0,
    -34.0,
    -302.0,
    -42.0,
    -657.0,
    -18.0,
    -140.0,
    -16.0,
    -207.0,
    -253.0,
    -36.0,
    -13.0,
    -867.0,
    -21.0,
    -6.0,
    -58.0,
    -44.0,
    -29.0,
    -15.0,
    -898.0,
    9.0,
    -108.0,
    -12.0,
    3.0,
    4.0,
    -47.0,
    16.0,
    12.0,
    -24.0,
    -19.0,
    11.0,
    -341.0,
    -81.0,
    30.0,
    12.0,
    32.0,
    -4.0,
    5.0,
    9.0,
    -48.0,
    4.0,
    15.0,
    13.0,
    -12.0,
    18.0,
    23.0,
    -13.0,
    -108.0,
    -5.0,
    10.0,
    20.0,
    -19.0,
    19.0,
    25.0,
    -32.0,
    16.0,
    -5.0,
    32.0,
    -2.0,
    -56.0,
    25.0,
    5.0,
    4.0,
    9.0,
    23.0,
    12.0,
    32.0,
    -6.0,
    -28.0,
    34.0
  ]
}