{
  "iterations": 510,
  "deltas": [
    1,
    1.1912800000000001,
    2.52,
    2.9910847359999995,
    1.996186498845696,
    1.372,
    2.412596927689738,
    1.4000000000000001,
    2.018505300454765,
    4.1513129418241626,
    1.372,
    1.2060075902525016,
    2.488845757372416,
    0.275415354628864,
    1.372,
    1.3445599999999995,
    1.0366956752803267,
    1.34680525376,
    1.115506250224152,
    2.262515825929098,
    1.6198352231161186,
    1.1174929900628667,
    2.407599149827905,
    1.2859799021990623,
    1.2120469710173332,
    1.3445599999999995,
    4.214319326236318,
    1.7901694558090764,
    1.0975572550837107,
    1.3706403683123203,
    1.022584136834296,
    2.1143594862927007,
    1.0259000619387155,
    1.2959467603353667,
    1.7694192289902784,
    0.5999843111721201,
    0.9654072813853363,
    2.469182049857957,
    0.9269386333687128,
    0.8086430739142783,
    0.9867484249879137,
    1.372,
    0.23945509840714863,
    1.5404563409047904,
    2.1431032676666284,
    0.18990384959900464,
    0.15367845360567678,
    1.9459513562723716,
    1.1869087527213793,
    0.18665308330418595,
    3.0589726912254322,
    0.1971706795021415,
    0.291686562658207,
    0.10411183857154249,
    0.6450191674971819,
    1.3176687999999999,
    1.125017979345814,
    0.7968377639696431,
    0.24520891916364373,
    0.9840199908259946,
    1.32219856394443,
    1.3219024,
    0.2809215053998999,
    1.3445599999999995,
    0.13217699427402518,
    0.9751455881363018,
    0.9209587294499704,
    2.388402539066033,
    0.27978481887522477,
    0.5611448645910855,
    0.16309367404000863,
    1.7005526061525913,
    0.806633293686037,
    0.1943476073269239,
    0.27129882285459006,
    1.2934717657111037,
    1.28763049418752,
    0.7706252917904495,
    1.2043604532645524,
    1.0674236840272577,
    0.1590704349908698,
    0.28925271347664383,
    0.9635720656748412,
    2.134654669568479,
    1.240621405807369,
    1.0674718344266934,
    0.424911353250943,
    0.07545044339481954,
    0.046014686226321544,
    2.0431171345917063,
    0.4172872113170296,
    0.1201725263290454,
    0.1835692352317606,
    0.8585511911256702,
    0.46552615364996797,
    1.0894470748841645,
    0.04025935100479572,
    0.1457961055845507,
    0.7597580443540597,
    1.3204670160020546,
    0.7709432539602901,
    0.5386460428577546,
    0.6167576701414657,
    0.3950583293917891,
    0.023048323860381803,
    0.3784867126074385,
    0.49340939761261104,
    1.2445767597488837,
    0.45024281925078924,
    1.2994353743868299,
    0.43515062022427387,
    0.17877420416103362,
    1.176927887470578,
    1.0408136941958621,
    0.9041397223040777,
    0.6247624940753411,
    0.10195306560100992,
    0.9569904385599806,
    0.06373753815424532,
    0.5034498097625857,
    0.12668728962454612,
    0.4037096110926086,
    0.10638725938725369,
    0.26694678619968215,
    0.05462001670244021,
    0.8811757340234943,
    0.7691497682454447,
    0.6176391485736339,
    0.20366536606063335,
    1.1839107388014263,
    0.6979324155957087,
    0.2941893970274947,
    0.7444783922918639,
    0.8554742807388731,
    0.13276686383229652,
    0.052555694150006715,
    0.5999206859102557,
    0.03998196529745268,
    0.23955967999999994,
    0.5331076535173844,
    0.050328353705916484,
    0.036281860285053646,
    0.5107019748873878,
    1.3692982323664502,
    1.1879342257142644,
    0.17932873046206232,
    0.4264861229429151,
    1.6312363901616154,
    0.7239421717092416,
    0.18447730669744722,
    1.0996893746019607,
    0.03740762676781362,
    0.5845167787247725,
    0.26441266338828573,
    0.434573571546613,
    0.13709284106317288,
    0.1564108395967505,
    1.2318852112952587,
    0.8339629916872751,
    2.125317964197432,
    0.27872273494783806,
    0.884976596555628,
    0.21173435827942377,
    0.010772338969577966,
    0.3282233120963607,
    0.4196422199294183,
    0.03298353188103498,
    1.2644209166872558,
    0.39472988547139476,
    0.5008953720575047,
    0.17386169001254093,
    0.10868934377148687,
    0.269441976896589,
    0.13489603553226637,
    2.1331308953348307,
    0.3157839084170613,
    0.014434375050601744,
    0.1234440974680675,
    0.9657554157090864,
    0.07751425181801785,
    0.008221673320567557,
    0.062011401457561455,
    0.013964249715494148,
    0.4324361922243938,
    0.01755697303509063,
    0.6360404253543219,
    0.11499031529031356,
    0.21836089497617728,
    0.1804343801599999,
    0.20336527686020567,
    0.5117451536768662,
    0.22374787479818803,
    0.08053461360060643,
    0.3407758624080177,
    0.4106205744289273,
    0.3291413690805971,
    0.6938342309420502,
    1.0184446248870112,
    0.005261871329829582,
    0.011238216068925944,
    0.09987503239517803,
    0.4144072514474484,
    1.3243172510691603,
    0.6077144056853427,
    0.14319953827173482,
    0.011208072116531298,
    0.25155175101256777,
    0.5790719632854691,
    0.48814067454566334,
    0.1527400259858478,
    0.27897055234918966,
    0.0020838552373865227,
    0.2685812600466484,
    0.17304274350177984,
    0.7337435148126801,
    0.00896932032420672,
    0.001926527493637309,
    0.22514261248336354,
    0.08080840491180119,
    0.13802170466560515,
    0.20535963349145747,
    0.5727138716323541,
    0.11314878984009757,
    0.43800365199860813,
    0.03968729693552442,
    0.006612167966252969,
    0.11824594369498342,
    0.12586769283243027,
    0.1839786742034164,
    0.06859604172406808,
    0.14902448712319716,
    0.08012029293553002,
    0.09572948600218112,
    0.18313867577480814,
    0.005741911623715623,
    2.3820841764863996,
    0.003117119578856631,
    0.0021552625050116347,
    0.12895497416184298,
    0.148955256700674,
    0.2384950524067131,
    0.03174983754842087,
    0.09962215447085754,
    0.040732057600041394,
    0.2627354152976782,
    0.08944062258224683,
    0.10127755005046968,
    0.274337324574482,
    0.025399870038736783,
    0.12099360267441384,
    0.003649184082000545,
    0.003114611272355461,
    0.8185516475786292,
    0.1208883160052725,
    0.03967976051103861,
    0.0029462547775853665,
    0.07784860009719008,
    0.08585385280052371,
    0.002248018001240304,
    0.1496752150149181,
    0.0029400278550868464,
    0.6549515464852309,
    0.20210170140264605,
    0.0029961905523077093,
    0.05939221997228117,
    0.34843621306197825,
    0.0019374316497611233,
    0.07090922126332622,
    0.22119976312730572,
    0.16168136112211773,
    0.21486517830314256,
    0.08224857517872586,
    0.27874897044961244,
    0.12934508889769347,
    0.14051340398839063,
    0.05724199845263822,
    0.09736724470916691,
    0.6675135463181991,
    0.3187215883311616,
    0.10660833657320445,
    0.03085611832766144,
    0.10231937413081749,
    0.03639740636428801,
    0.22299917635970345,
    0.4679154294554895,
    0.09766400425145605,
    0.25530793051006384,
    0.03404601500019666,
    0.0016205721073987434,
    1.6965107231496273,
    0.023408520227699903,
    0.08091021351153227,
    0.1218292765805451,
    0.5887045123532584,
    0.4800718403794413,
    0.057711154446144164,
    0.11077635121188578,
    0.03654829223983924,
    0.2046185845336268,
    0.0009634058906744514,
    0.04127885157300781,
    0.058143157323717,
    0.35040292159911335,
    0.11330589773155442,
    0.09787340672964895,
    0.019504865749555123,
    0.2803223372792907,
    0.4711099474291176,
    0.00022795281639531595,
    0.17851928017604912,
    0.6747612831355543,
    0.00028927443667026154,
    0.000785684600237424,
    0.0008328097053258432,
    0.0005556633191723392,
    0.050461089442717544,
    0.23779883484308462,
    0.029436731017504325,
    0.16413053050592907,
    0.000406308867524352,
    0.06538336597560512,
    0.01887034852948144,
    0.22425786982343254,
    0.17940629585874746,
    0.01510850279575049,
    0.7609316078282626,
    0.06327241687178997,
    0.38405747230372356,
