{
  "iterations": 279,
  "deltas": [
    1,
    5.57625,
    8.982359274399426,
    5.081679645043945,
    4.115341931112174,
    4.6011418777703526,
    5.090203119792443,
    3.6297868040841443,
    3.2375000000000007,
    3.325,
    3.16778099946289,
    4.827677016661858,
    3.1587500000000004,
    3.098691668945312,
    3.325,
    5.170370547058555,
    3.9739530223659685,
    2.3418129186630257,
    2.9266360263881257,
    2.499092255955773,
    2.220445596526247,
    2.771459634142076,
    4.8157421790167305,
    2.1322693623846707,
    2.845289222041398,
    1.0253319104260736,
    1.6396354311327226,
    3.853695007309943,
    3.426969891703795,
    1.7831032228587844,
    2.0395902294770067,
    2.3020634757641503,
    1.7558352558155548,
    0.5498958431678602,
    1.304421379955885,
    1.3345764065393322,
    0.6090336007939499,
    3.443009873733528,
    1.9042067779638892,
    0.4957646073448263,
    2.2525814460546343,
    2.548734974646983,
    1.7407172355138076,
    0.8612603538557657,
    0.9906286114341505,
    3.325,
    0.8329630479975236,
    4.519771461042003,
    0.9988325035201928,
    0.960406997637568,
    1.8413474722560723,
    0.8720750653076248,
    2.083333905747862,
    0.4975737460960872,
    1.1644499828098365,
    0.305671296375456,
    0.5406815333269535,
    1.7929983000764338,
    1.405563429165035,
    0.49245336165188824,
    0.6758513714601513,
    0.8965046354266146,
    1.3221916449355042,
    3.294564490229635,
    1.9612391993090839,
    0.26173802308369254,
    0.3292584494372104,
    0.17661009673724948,
    0.4181864332851788,
    0.630859375,
    0.10888459479960133,
    3.003266935196077,
    0.25951473870499875,
    0.8889651338924303,
    0.43451578593517226,
    1.3652247872286125,
    3.5,
    0.12532833563753698,
    0.3192930899117812,
    0.12925661353941909,
    0.09083309239166937,
    0.07615873795657535,
    0.2375000000523868,
    0.2913759059937533,
    0.3389687156496244,
    1.75,
    0.49985636411692624,
    0.07432364481870746,
    1.9639604853327484,
    0.03411024394577389,
    0.152650961124003,
    0.05681238917607523,
    0.5842727998760271,
    0.24992818297996777,
    0.28750771269113695,
    0.6530651830962579,
    0.018580917365552452,
    0.05729950349374846,
    0.7357090227710472,
    1.7481905715840416,
    1.258799018861156,
    0.07621278272194232,
    0.04886458388570958,
    0.06266417957806869,
    2.1995605468750004,
    0.49477881917530375,
    0.04333516985799157,
    0.12853919708968142,
    0.4524527942327303,
    0.025331016375197635,
    1.2955124585382443,
    0.09935393638659384,
    0.1483724243401774,
    0.2188064178006499,
    1.050189849825184,
    0.025602419137587873,
    0.12496409166218214,
    0.24021248181226795,
    0.062482045831114164,
    0.05761694225768643,
    0.875,
    0.10940320890032496,
    1.3107721319627945,
    0.3265325916374966,
    0.01428020662053342,
    0.11206374197038826,
    0.8741054812494973,
    0.04184161642394102,
    0.1632662958187474,
    0.4375,
    0.04293935228085033,
    0.6553860660514257,
    0.21875,
    0.01886814338257814,
    0.021788131674417954,
    0.22626554361187168,
    0.26009631965061075,
    0.04053513359319538,
    0.040816573954685964,
    0.14816193717152082,
    0.17885749440952736,
    0.11313302967021421,
    0.01807143861236682,
    0.010894065837208089,
    0.0919810630987925,
    0.09452077579706142,
    0.0741862292529305,
    0.02828332974902814,
    1.1001647949218754,
    0.050614530411960956,
    0.09703681981440937,
    0.017738288409288927,
    0.000306120969021606,
    0.05567329817139566,
    0.003206960547768034,
    0.06211681395923385,
    0.021267103799618603,
    0.03084498372212785,
    0.31893157958984375,
    0.550130462646484,
    0.25929802847439376,
    0.2989773437038732,
    0.028825697896548874,
    0.0008649123566479844,
    0.04599054227718469,
    0.17809597656482978,
    0.0021025229371964826,
    0.01261441313240752,
    2.4204355393633916,
    0.009078784399122242,
    1.0666210877150304,
    0.1835256894906756,
    0.006307206859457182,
    0.0003430259742653874,
    0.003572474549756066,
    0.007308014066075064,
    0.014412859199090633,
    1.1782823908291995,
    0.32769303302842623,
    0.5365624999999987,
    0.019644219201136792,
    0.02299527149860836,
    0.000657173983370285,
    0.0013663891786563909,
    0.007901790228572736,
    0.43705592670520943,
    0.02735080222508124,
    0.39958384795557933,
    0.05603187098519413,
    0.014718071922402487,
    0.19981298511756762,
    0.213090496625707,
    0.27507204413413966,
    0.0031634236028352802,
    0.0019540264402895247,
    0.001008965995001887,
    0.2842460811585861,
    0.007070873114978227,
    0.001110100794026181,
    0.00055509595227754,
    0.0035354365636166563,
    0.008354303935819374,
    0.07974318116903323,
    0.13753606900572812,
    0.004177151971990867,
    0.005230258535414478,
    0.5382666238923282,
    6.709957984796233e-05,
    1.1233435054821888,
    0.02002401798864284,
    0.1421536826320784,
    0.0016351015881994613,
    0.002088575989139585,
    0.010792290540716287,
    0.24576977477131834,
    0.006837700556269866,
    0.005925066160703096,
    0.061442443692829585,
    1.3088464424271251e-05,
    1.0093068271356582,
    1.6893423171460142e-05,
    2.195804322272605,
    0.00014565079876138753,
    1.7135195929008002,
    0.4940541862829857,
    0.0001068115234375,
    0.0036833565788949585,
    0.5806522958109124,
    3.759621417565029e-05,
    0.0013075646340610092,
    0.0001164991906050794,
    0.036204951525819595,
    0.009273278661316553,
    0.014007967746298533,
    0.05475384144094875,
    0.010012009006821643,
    0.00555672440204269,
    0.03192326329024198,
    0.0018187635605695363,
    0.0028744089482586332,
    1.8629695499515408,
    0.1557600294028454,
    2.6596840427828283e-06,
    7.76562822322191e-05,
    0.029903707868651708,
    0.01117883266483588,
    7.589876697444708e-05,
    0.3712755845800153,
    9.993102974981127e-05,
    1.5707858976199418e-05,
    0.012447219477028426,
    0.00500600450351385,
    0.002318319665327806,
    0.0014372044741293166,
    0.003676746978493739,
    0.0001971002327945115,
    0.003371478574903719,
    0.03002656022653838,
    0.32730549185800406,
    0.0027255671335186804,
    1.0266263945624132e-06,
    0.00019771398627455028,
    0.07108221410830762,
    9.855011639636757e-05,
    0.15159030762980308,
    9.964983874510835e-06,
    0.002019636970206129,
    0.0019646767536070087,
    0.006223609738515989,
    0.15246560305099344,
    0.24717448748369364,
    0.00036781799308549523,
    0.0958722757934245,
    0.0009008039617341979,
    0.18623978077723535,
    0.00045040198086709893,
    0.9314847757536224,
    1.1122087808083005,
    0.5891956549783632,
    3.463102693501696e-08
  ],