{
  "iterations": 385,
  "deltas": [
    1,
    2.9170908288,
    3.1149628020736815,
    2.2197859199999996,
    2.556,
    0.9976035200000002,
    2.0808,
    4.122022438912,
    2.0811077351224547,
    3.3196708387170286,
    2.016,
    1.8176716800000001,
    3.494015757558957,
    1.1672592250841536,
    3.6101837512238006,
    0.6580797440000001,
    2.0497156071426863,
    2.406729112448,
    2.7191988760146852,
    2.200339682873909,
    0.990484310121909,
    0.9623705659583486,
    3.3030555877691343,
    0.9731602768318837,
    0.9635311049990962,
    1.05431573643967,
    4.336089518755277,
    0.9434964858879997,
    0.95134322620771,
    0.3400291833728897,
    0.9466879151389973,
    1.0039089857356815,
    2.890882651384522,
    0.8183476959126201,
    1.0066379204569689,
    0.855687020004015,
    0.6866202410643423,
    1.8894975536876686,
    4.758132169480189,
    0.7331301016338276,
    0.4773295573217281,
    0.45678279218586937,
    2.266245947265493,
    1.0736643259118646,
    0.3798090596192649,
    0.2681796332333555,
    2.033482025973729,
    2.1316889703632995,
    0.4768250948464168,
    0.3712145933456803,
    0.2816055647664424,
    0.9213878254738379,
    0.6746997815501787,
    0.3041090563274764,
    0.714262118752143,
    0.6265166735307393,
    0.29584076878120547,
    0.395532215850249,
    1.30874301184,
    3.2957054291013677,
    2.780315012875314,
    0.242615237745893,
    0.18213863289177112,
    2.4602314943637626,
    0.3432683834650643,
    0.5521327054331033,
    0.46536639887180087,
    0.359445315649741,
    1.0788050015448931,
    0.6320641597989471,
    0.5018298080606982,
    0.341938321940054,
    0.15228790108646528,
    0.15959016828378392,
    0.42656461631670695,
    0.20323392824088504,
    0.22152196175089678,
    0.29728363021477655,
    0.11665218926192011,
    0.24275228827234052,
    1.7376969492881766,
    0.2564404504308406,
    0.2202459329354669,
    0.6734619874775918,
    1.2699773014810756,
    0.14714662510396082,
    0.15314656783235092,
    0.35067369191162356,
    0.16245369071947735,
    2.0541944535031984,
    0.5116192324435653,
    0.25923122803858245,
    0.14195708264060158,
    0.19167803554346108,
    0.9476316899312254,
    0.20535008233835228,
    0.2147936035551492,
    0.9219613806493951,
    0.29771646286751263,
    0.1111371563559782,
    0.3035095309477178,
    2.0460323001363196,
    0.3306094889197224,
    0.15241011211935884,
    0.05984364313114554,
    0.12682391802639437,
    0.2251426837322752,
    0.3191446290074924,
    0.4839886838784935,
    0.0877521048134211,
    0.11091054633513142,
    0.13266382465164916,
    0.18225742683436064,
    0.9045621759999998,
    0.14259048393245344,
    0.09872264037408218,
    0.1531566067515957,
    0.04128599891812623,
    0.16047094893970382,
    2.295134790545232,
    0.19109450594644617,
    0.7909004875330714,
    0.10076933866581861,
    0.5955846490187504,
    0.2025745377327186,
    0.2003996661775711,
    0.09767205034904602,
    0.09522408739713661,
    0.1269795971512906,
    0.3819842174279895,
    0.11351987504424432,
    0.02360261024827892,
    0.16347091138673697,
    0.19215123073758633,
    0.12005228870203233,
    0.15201251235450286,
    0.23488102399999988,
    0.09273375125619943,
    0.09125760199537236,
    0.2251189070739228,
    0.08636795727506819,
    0.5159996811506602,
    0.2223843093550908,
    0.05313500167763774,
    0.07585692990433124,
    0.10188308550813652,
    0.06663639852944137,
    0.12564717057177077,
    0.2575736230031538,
    0.20081618058567408,
    0.148204370606424,
    0.1879048191999999,
    0.05736069408655453,
    0.10606537722054732,
    0.19440971256443706,
    0.06077482922120936,
    0.1620739620457119,
    0.06657975799115157,
    0.571529104896408,
    0.23631910958163438,
    0.09201639686614271,
    0.03441756716322253,
    0.02753405373057838,
    0.0846104390943836,
    0.07916595564673834,
    0.06796125839406564,
    0.0848710649820319,
    0.07401770596530977,
    0.147277102394203,
    0.014114104433526009,
    0.13733631433894633,
    0.01711805690433188,
    0.05117230342137935,
    0.12245242083851338,
    0.1886969026863745,
    0.060194931947227914,
    0.005628480733407493,
    0.053103829810345005,
    0.004918780808356393,
    0.10022412863286867,
    0.01861579817550041,
    0.022832266037877247,
    0.041339350602781266,
    0.014439322263662291,
    0.04104099862088706,
    0.03284699172568217,
    0.0315011514417769,
    0.1443227452313316,
    0.031825152470771556,
    0.10674297157248347,
    0.01972475820483144,
    0.04486135858226348,
    0.020368292455065884,
    0.007125202733572422,
    0.016683025624860015,
    0.01629875188801666,
    0.0015809638836170592,
    0.056038629828087494,
    0.0604317638701537,
    0.01293353008919329,
    0.09509322457289748,
    0.04011587217536494,
    0.01829087245443084,
    0.02820585894312444,
    0.029330905730246215,
    0.6581495960976831,
    0.006959491859488409,
    0.0073978313839209164,
    0.04515481458247983,
    0.010600078452376316,
    0.0326697922517738,
    0.047377403278716645,
    0.22094476225015125,
    0.7863927792767011,
    0.029738712417016977,
    0.0034581853730664136,
    0.01911897334731183,
    0.010644388219462897,
    3.9205532970532992,
    0.008546167993356502,
    0.01462524910834162,
    0.023938690335399748,
    0.015531574044919338,
    0.026545360071343893,
    0.019191308930397,
    0.014541305348007683,
    0.020357128287502135,
    0.0029706575074186503,
    0.0634150913028515,
    0.14001767818648503,
    0.06157265115545574,
    0.0064844044447909255,
    0.017111607437540144,
    0.04894799357616719,
    0.01373118884415625,
    0.009315801323396045,
    0.014054476905290159,
    0.00393676536047316,
    0.01771655702972108,
    0.0052721761124967514,
    0.00012174695084787857,
    0.01633774300461166,
    0.45940843824683864,
    0.01218396750303885,
    0.011088377384206538,
    0.0023502025122938974,
    0.0018869504421452632,
    0.044474447697220754,
    0.0036796230408722153,
    0.01315051478954743,
    0.04201200080219358,
    0.12293108930406849,
    0.14140465479441122,
    0.014942826397785325,
    0.010799237617209467,
    0.003512579876439048,
    0.09813824303486252,
    0.7973563549423268,
    0.0904989791873394,
    0.09897738101104103,
    0.010464328437474357,
    0.17114817780244262,
    0.005180148450994793,
    0.016489764294932208,
    0.010561862616255802,
    0.047055586001180316,
    0.004354442406223846,
    0.0016783414673442465,
    0.07356833408412733,
    0.0034899503984799907,
    0.007927146724161283,
    0.004912249773486366,
    0.0033403516722270155,
    0.031669605215446595,
    1.160971242105206,
    0.06356242431203363,
    0.0023219938340002244,
    0.025348801791149178,
    0.5713701057535445,
    0.0011214641935355374,
    0.09413310012894271,
    0.002679263164412582,
    0.03706838193389839,
    0.006368340250205051,
    0.00025296464862467616,
    0.0006452170784285727,
    0.057014730809048064,
    0.0008725472684636415,
    0.0002929227939088008,
    0.001638241217102987,
    0.0002543541609973943,
    0.3892117688963834,
    0.0013772934690656768,
    0.0025207083624732007,
    0.001161348358585279,
    0.0018057499292272183,
    0.002016862531858621,
    0.006716704810378893,
    0.004350539824605981,
    0.002864339092417012,
    0.013179869133448818,
    0.019126526920521414,
    0.015183209241858009,
    0.09160177843293749,
    0.04627546167593177,
    0.016264199547514124,
    0.001033513819653109,
    0.0035398079010815486,
    7.342971795942788e-06,
    0.1505237226218057,
    0.00014734401344185244,
    7.017024348066059e-05,
    0.0028318667585005564,
    0.22404417348637473,
    0.030119443317015993,
    0.002265520680910793,
    6.0070045925897375e-05,
    0.007998645561645645,
    0.0016790834355386863,
    0.004309864394228313,
    0.0007106990039300598,
    0.0012566605694797062,
