{
  "iterations": 363,
  "deltas": [
    1,
    4.251842777935608,
    2.6336473337843143,
    2.7317117278059135,
    2.0306567821685526,
    3.118692257952403,
    2.8481182380002363,
    3.0892669637454433,
    2.0643292041330548,
    1.4845903988653202,
    3.1114237116418906,
    1.0959265501863307,
    2.7300684006192197,
    1.3480127399055428,
    1.3445845631281825,
    1.6892811992787466,
    1.8225902917049073,
    1.2562855887649818,
    0.8781982239956845,
    0.6094119698770513,
    1.2561648030512185,
    1.67001155786933,
    1.157502189560414,
    0.740365867724277,
    0.6211906724370841,
    1.1815759846243088,
    0.9922558858510104,
    0.9273978120005975,
    0.6427043051244103,
    1.1328918015493485,
    0.958983870026727,
    0.7508280658901061,
    1.0934352314965334,
    0.7674560525798224,
    0.595098499384747,
    0.6006168506833811,
    0.3328293379371763,
    0.9336618632892337,
    0.7556164104324887,
    0.5751257334626922,
    1.1195142209896924,
    0.21865233649531124,
    0.7478305105381651,
    0.5926200169238012,
    0.5982847609802722,
    1.23999665488822,
    1.2198673407999998,
    1.3448590754987224,
    0.8990020881730647,
    0.740880836499394,
    0.7577441823385955,
    0.6428269389639301,
    0.4099292542684836,
    1.24560196304896,
    0.5199666870732456,
    0.27142497312102254,
    0.23488102399999988,
    0.9207652577417726,
    0.4747941271787326,
    0.24425655558270698,
    0.16756040259741933,
    0.5699573773749647,
    0.10794020848428154,
    0.9920006208142147,
    0.30867652387974687,
    0.2461635339900461,
    0.1980931916533608,
    0.1879048191999999,
    0.7936005322220381,
    0.08989164240407654,
    0.5472058837340388,
    0.2037498237905666,
    0.45603565282140845,
    0.3071692308122085,
    0.6137470261778288,
    1.1279737424994698,
    0.21773553829552572,
    0.08983199243163398,
    0.259095441160345,
    0.37614966977318165,
    0.08550461542997745,
    0.6348804381305344,
    0.06566824201267529,
    0.37311013299464957,
    0.9305566415133839,
    0.49168591460675515,
    0.15567093813339739,
    0.055139642290264135,
    0.17967206500506183,
    0.1697296323982247,
    0.08336990859964644,
    0.24444298756958815,
    0.2752138747858295,
    0.24695676598298544,
    0.3648607478064809,
    0.12453930501329502,
    0.04776236976395465,
    0.393792756133422,
    0.2588367329744088,
    0.35297033040477377,
    0.9035148592668945,
    0.7469760333718689,
    0.31782230903079967,
    8.335865878406068e-05,
    0.5079043507876548,
    0.10094438599029143,
    0.762151094782519,
    0.40632348063060775,
    0.2844985195372569,
    0.4902492579538196,
    0.7462130730229095,
    0.07365324343311208,
    0.107171318813017,
    0.1755816389743785,
    0.325058784505166,
    0.14046726647125585,
    0.2600470276041973,
    0.17614163761181256,
    0.20937275755634666,
    0.20803762208341414,
    0.017215316411688164,
    0.10444116129229908,
    0.1664300976667601,
    0.8133190656955778,
    0.11237963120214811,
    0.08698665217752755,
    0.06793253851647307,
    0.06341818786318143,
    0.02629898486094362,
    0.11267203765960865,
    0.13314407813343365,
    0.0939433193927357,
    0.06496115752956477,
    0.05778483078915464,
    0.10651526250675047,
    0.3012178442995568,
    1.0487408725704346,
    0.05893530330552821,
    0.06959092160191638,
    0.050738956691727566,
    0.02479848332504453,
    0.033405116319457306,
    0.08602044094272898,
    0.2918904683012311,
    0.04187450519250824,
    0.13853846509977608,
    0.05196906707807614,
    0.12550290866962133,
    0.007244146659770578,
    0.23351237719422535,
    0.12831542079553593,
    0.049662305515434824,
    0.05542933517909532,
    0.10710143018284235,
    0.10115640756334088,
    0.04157536971332121,
    0.039406496739491814,
    0.73246925741807,
    0.10480930960089374,
    0.03682650908927343,
    0.2542597333292633,
    0.198078242751194,
    0.005824243149080033,
    0.039730210619174144,
    0.9269611999423724,
    0.9951410881244618,
    0.08568142647774835,
    0.07219155802997257,
    0.028504744938258497,
    0.002626749988829502,
    0.18680990598255232,
    0.03771916270151365,
    0.14091615728647522,
    0.2836082083095448,
    1.0806923981927414,
    0.14944792489833514,
    0.01710610591121764,
    0.3940729441886486,
    0.02280381871386794,
    0.06685762958542618,
    0.05101179825121083,
    0.009694996812209311,
    0.006987004905371741,
    0.0408094386026292,
    0.03247424681873312,
    0.01246369287965976,
    0.025219803019125075,
    0.06816976800432162,
    0.020248377964477093,
    0.004666190024478212,
    0.01630315356239631,
    0.025979408404060322,
    0.030175356785523633,
    0.00372774607602544,
    0.01084773572717701,
    0.025220157913274477,
    0.020176126330619937,
    0.012359199134763799,
    0.11955834010458055,
    0.08032219740818825,
    0.027338212999980627,
    0.04391855236459108,
    0.03513484317862847,
    0.035157105932359656,
    0.5942877706096574,
    0.043935258525552356,
    0.0901418381514194,
    0.028298869942291915,
    0.027151586732093946,
    0.007852886332915032,
    0.013685043867113222,
    0.024473818507364964,
    0.004693327568151773,
    0.0015785373907437616,
    0.06854528300362261,
    0.024125492248857405,
    0.02078353770013308,
    0.07211347176694005,
    0.035148263035926774,
    0.12540027500906437,
    0.7969496364320587,
    0.017989049158398274,
    0.003812314308460074,
    0.06371231689738721,
    0.021364961611518574,
    0.043628651522765516,
    0.054836227381565905,
    0.016972043268683734,
    0.017377016422843283,
    0.0007730827727829848,
    0.00544018139771163,
    0.018243065907492806,
    0.015300491760109836,
    0.07651733767890345,
    0.04039785356611958,
    0.009333836952151842,
    0.05721188973983793,
    0.04075060380133344,
    0.06121387014318458,
    0.03571234497231224,
    0.011390817393351682,
    0.04897109611457129,
    0.032166532194704445,
    0.03326044062614031,
    0.011436989224783645,
    0.01547752690571258,
    0.016715546055115382,
    0.009037899936561455,
    0.0034422667322924205,
    0.0028436788644548017,
    0.02903280076436454,
    0.012352252032451716,
    0.013090311261180432,
    0.01837658892667804,
    0.05348756363919982,
    0.009881801625967856,
    0.4258843501757035,
    0.007905441300775529,
    0.003953476800634403,
    0.05219771549083596,
    0.013561974196909077,
    0.7863069267984724,
    0.013018883430760297,
    0.04279005995091012,
    0.0705183784050547,
    0.012240394609063898,
    0.0011722249049048727,
    0.014489109436624403,
    0.01600772177453358,
    0.009909986941019966,
    0.3168637209788594,
    0.49506813092965185,
    0.8515649503819063,
    0.010697949475277468,
    0.005973807587004387,
    0.03509518587669547,
    0.025073201210688012,
    3.19729073541275e-05,
    0.028076148702286474,
    0.15664383043325714,
    0.007117625981894804,
    0.010472250407854489,
    0.05769077859038774,
    1.1669692038922066,
    0.0032380687567994393,
    0.011675562205333279,
    0.0044843185516842965,
    0.0020861663343585413,
    0.009340449764305703,
    0.01041510675154278,
    0.005894652830605196,
    0.00026154438081071874,
    0.003747672629176968,
    0.041758223066610256,
    0.008332085401402622,
    4.885978488644582e-05,
    0.0029981381033419297,
    0.00855835958022233,
    0.011591288380367715,
    0.25368102223566247,
    0.03423205673464835,
    0.0024960928406354554,
    0.006665668321234719,
    0.04615262287330424,
    3.2327918380037346e-05,
    0.036922098298669326,
    0.00038167214586160014,
    0.0004774684274537755,
    0.0008315053267857753,
    0.001619344097539832,
    0.022460918963718157,
    0.0017049814535325947,
    0.017968735170988737,
    0.0018719659202890426,
    0.009273030830165396,
    0.00140995245691089,
    0.005784255963552365,
    0.006267082067845209,
    0.01957905499053636,
