{
  "iterations": 160,
  "deltas": [
    1,
    4.251792384,
    3.075614287766487,
    3.0950282563006475,
    4.887985709219841,
    2.631899629102058,
    3.6738457763913406,
    2.5621268549903675,
    2.2863422425289492,
    2.706271616636625,
    1.0798764401510397,
    1.0878668362149844,
    1.1171672506656662,
    3.2406584117420074,
    1.4000000000000001,
    2.2217446810425905,
    1.6246093728151099,
    2.304011851277769,
    2.1298161034560437,
    1.1487350376921057,
    2.3364928424845477,
    0.7001037867044433,
    2.354391314390769,
    1.5909858159447068,
    0.9385148260319385,
    1.6811738568677423,
    0.6124557757197548,
    2.0367885959116587,
    1.6677569730493387,
    0.7080512065232165,
    2.256567333420067,
    0.8485218796363077,
    1.7087497952808377,
    1.3414208222201607,
    1.3459249796174841,
    2.050420891470805,
    1.1199999999999999,
    0.4039825561306749,
    0.49026110763355124,
    1.3791067613262786,
    0.39296792536423997,
    1.9960255192151162,
    0.6093201518494151,
    1.9206118140239519,
    0.31539204143568966,
    0.39342832524345717,
    0.7134822390970852,
    0.7415933593709338,
    1.6128000000000005,
    0.2206711168843185,
    0.48427057501513815,
    0.5734399999999997,
    0.20045559007920577,
    0.49018330461034143,
    2.2145150474518323,
    0.38624532125612543,
    0.49141728371564763,
    0.641577359078485,
    0.5132621064880336,
    0.931219736717984,
    0.7536588477975776,
    0.6064597868221888,
    0.2223326544004065,
    2.10333041014126,
    0.4106102747484952,
    0.32848827726737895,
    0.43567462372387933,
    1.819965740801294,
    0.7741516563323101,
    0.9945768862210738,
    0.4284345974792316,
    0.5889337800749361,
    0.20478860967433565,
    0.296983030480205,
    0.3158202621341264,
    0.979781309271953,
    0.2526652865558665,
    0.12861440000000002,
    0.06752940273707786,
    2.3185501423304506,
    0.23617400732463611,
    0.27118128130992414,
    0.058952493805024986,
    0.2375920876184754,
    0.15226383951837086,
    2.258519082026715,
    0.34307209210572065,
    0.17874718018370128,
    0.3017528072624973,
    1.0397981620894239,
    0.08556589505222867,
    0.18900048492128985,
    0.21309783463157395,
    0.011990015308940727,
    0.12181475364457839,
    0.37841887888187653,
    0.24196872066054897,
    0.29763428366089073,
    0.09864762084224488,
    0.11449561656979768,
    0.7956616030401369,
    0.31446314038859224,
    0.07426096280201122,
    0.25157090212129773,
    0.6199221237042938,
    0.20125688125156405,
    0.27461232405915226,
    0.6365292825097137,
    0.04375566865348546,
    0.31049029229535297,
    0.21970023142746697,
    0.1879048191999999,
    0.08467444929570789,
    0.11706625548715266,
    0.1288046582293756,
    0.07170693075584289,
    1.3620729576741404,
    0.067740665823667,
    0.3178002532280022,
    0.12164824091754145,
    0.17420438436478936,
    0.031420234444419215,
    0.2484163394946659,
    0.1757838524795572,
    0.348541041909483,
    0.0042872495634656005,
    0.00836975774394011,
    0.2788328335302799,
    0.5092234260232704,
    0.3929484559716805,
    2.032952210910988,
    0.4015192802874932,
    1.2148341760000003,
    0.0010925553917395803,
    0.12960738078018075,
    0.06539968725651057,
    0.04310090657134058,
    1.9757728351166293e-06,
    0.4073787408187508,
    0.07333143282217414,
    0.17053680054879816,
    0.9718673407999998,
    0.09731859332246362,
    0.13642945356492842,
    0.3105208707325353,
    0.028216956814953065,
    0.0668247579015766,
    2.201433703396689,
    0.06193943921069334,
    0.19873991154585635,
    0.11420992861589596,
    0.12099111123229278,
    0.07309435431417821,
    0.6353890955043093,
    0.04989568027392011,
    0.1589920439640844,
    0.03964124156608051,
    0.7881331847507687,
    0.04693253780250117,
    0.5803011956467836,
    3.2989925946580456e-07
  ],
  "rewards": [
    -1232.0,
    -1466.0,
    -487.0,
    -763.0,
    -1523.0,
    -422.0,
    -1362.0,
    -270.0,
    -311.0,
    -785.0,
    8.0,
    -51.0,
    -164.0,
    -1516.0,
    -126.0,
    -203.0,
    -114.0,
    -379.0,
    -133.0,
    -35.0,
    -1444.0,
    -13.0,
    -358.0,
    -94.0,
    -53.0,
    -256.0,
    -26.0,
    -319.0,
    -32.0,
    -48.0,
    -905.0,
    -67.0,
    -261.0,
    -30.0,
    -56.0,
    -540.0,
    -64.0,
    -19.0,
    -48.0,
    -284.0,
    -10.0,
    -175.0,
    -22.0,
    -955.0,
    20.0,
    -21.0,
    -318.0,
    -20.0,
    -376.0,
    19.0,
    -19.0,
    -128.0,
    -18.0,
    7.0,
    -643.0,
    -22.0,
    -86.0,
    -4.0,
    9.0,
    -157.0,
    0.0,
    -20.0,
    -13.0,
    -749.0,
    -2.0,
    14.0,
    -14.0,
    -208.0,
    -239.0,
    8.0,
    9.0,
    -224.0,
    20.0,
    -1.0,
    -8.0,
    -113.0,
    -41.0,
    23.0,
    28.0,
    -719.0,
    7.0,
    -84.0,
    21.0,
    12.0,
    16.0,
    -646.0,
    -12.0,
    23.0,
    -61.0,
    -23.0,
    10.0,
    2.0,
    -22.0,
    32.0,
    5.0,
    4.0,
    -90.0,
    -5.0,
    5.0,
    16.0,
    -105.0,
    0.0,
    19.0,
    11.0,
    -34.0,
    25.0,
    13.0,
    -205.0,
    18.0,
    -8.0,
    -3.0,
    -7.0,
    20.0,
    -10.0,
    16.0,
    13.0,
    -357.0,
    5.0,
    -53.0,
    -19.0,
    -3.0,
    30.0,
    16.0,
    4.0,
    21.0,
    28.0,
    26.0,
    20.0,
    16.0,
    1.0,
    -156.0,
    7.0,
    -42.0,
    32.0,
    -32.0,
    20.0,
    25.0,
    34.0,
    -17.0,
    27.0,
    6.0,
    4.0,
    3.0,
    18.0,
    -74.0,
    14.0,
    -1.0,
    -753.0,
    7.0,
    -12.0,
    2.0,
    -28.0,
    3.0,
    -78.0,
    11.0,
    7.0,
    20.0,
    -95.0,
    8.0,
    -160.0,
    34.0
  ]
}