{
  "iterations": 489,
  "deltas": [
    1,
    3.5734337279999995,
    1.4000000000000001,
    3.5645754617599996,
    2.285175166848,
    1.4685865024422284,
    3.40295084134795,
    1.7713352452154378,
    2.34748677673728,
    1.372,
    1.646750288068099,
    1.359932364259657,
    1.372,
    1.372,
    0.7704537898420609,
    1.1201083031552002,
    1.2161321400946594,
    2.5124815782142473,
    4.425545447367714,
    1.6801258934142673,
    1.5138188144309543,
    3.4861797753877575,
    1.372,
    1.1765420322732991,
    1.3154667716989659,
    3.3034885654063713,
    0.31233769418752005,
    0.14274246151347558,
    2.7664304538250057,
    0.8695382300345695,
    1.6727278377530634,
    1.0159316741018465,
    1.372,
    1.3212109119999997,
    1.2826201366306273,
    1.3223294749009646,
    2.507283279627007,
    0.4580162525825511,
    1.0260961093045022,
    2.3813064081569406,
    0.4351541567893218,
    0.8299585603494366,
    1.2082738201792278,
    3.11611506003275,
    1.1295013205247368,
    2.2493467453406266,
    0.561519677714232,
    0.4606145857869688,
    0.4340306606909312,
    0.38179647381648607,
    0.20896558976000013,
    0.22615531087863427,
    2.604843442758492,
    1.054354103714675,
    1.249861727711843,
    0.8536770066790087,
    1.5196976462566427,
    2.296779818012106,
    0.35976953931190003,
    0.20580349450506663,
    0.2754302624300424,
    0.7827690762311157,
    0.4062192292046003,
    0.3421929729426392,
    1.7987269486050286,
    2.395367411025867,
    2.6614367170244657,
    1.1568769402483197,
    0.20930916755473827,
    0.3926470409410463,
    0.2532551784192082,
    1.315826722834979,
    1.9668259985198242,
    0.48471406369982706,
    0.9372799027976679,
    0.45215334545697417,
    0.3796368471538507,
    0.24542236884282076,
    1.0524291067643805,
    2.5702516277371883,
    0.6312822394452358,
    1.0719981750035181,
    0.7921793791841338,
    0.5832421738531632,
    0.6420824473584883,
    1.320990818071615,
    1.0251096593131752,
    0.5360046804355418,
    0.9534810627231405,
    0.3903501641540439,
    0.34521363072943423,
    0.8588981410904069,
    1.2297409392702274,
    0.06396522696128759,
    0.1450387321542408,
    0.11325573723483018,
    0.5355647953339062,
    0.21306044807843438,
    0.1848316302965003,
    0.8564304424920026,
    1.3096208885117457,
    1.1569734743601963,
    1.2979247412917074,
    0.3449935990591033,
    0.07104989509808579,
    0.8506482935248849,
    0.3680443179679447,
    0.16793098720949207,
    0.22079792327441083,
    0.32095282959948257,
    0.446905564751642,
    1.4253775366445849,
    1.3258299512040983,
    0.8122358980328279,
    0.3416293513417976,
    0.01860819708584227,
    1.6871780216445798,
    0.14243404737475185,
    0.4288053807733103,
    0.9485213922097735,
    0.27302678642835154,
    0.22076694016706355,
    1.9830285690030864,
    0.5501611704978604,
    0.2098432611520833,
    0.10247264270635403,
    0.7596869294511421,
    0.3609642605686574,
    0.18441826744713197,
    1.0399798384465972,
    0.83207091341629,
    0.3430443118495434,
    0.27443544958634813,
    0.7978702700942861,
    1.6667014938247613,
    0.25015967712254294,
    0.1405109503849058,
    0.1253157798204283,
    0.02831588511976557,
    0.12199240119155208,
    0.23730955167278545,
    0.22204975015170803,
    0.2383939799696524,
    0.4046029477599493,
    1.1600298376790397,
    0.16436132568217943,
    0.7190466733962397,
    0.11538736328902921,
    0.28923985087647885,
    0.17888727341712407,
    0.2611393545739684,
    0.19847248097242787,
    0.3270800882731848,
    0.138192158638482,
    1.1483150329395428,
    1.4934233637064507,
    0.12168434158883912,
    1.0035618460657592,
    0.017247426131516086,
    0.5785960425837597,
    0.08746285567420387,
    0.20469256133572955,
    0.11686970930571317,
    0.4404070844086476,
    0.24987949679138577,
    0.18909791798574105,
    0.33922353129218763,
    0.468699810763173,
    0.12634704884630032,
    0.01103858042097805,
    0.10871572383947914,
    0.30647857400620104,
    0.19648377434516817,
    0.4192774658362497,
    0.05383734906232629,
    0.12414304982813462,
    0.10585476642223579,
    0.009077629376222696,
    0.15697876055642102,
    0.23732635433504468,
    0.7657125118722572,
    0.12122015245293838,
    0.1278939651701485,
    0.2786520482612094,
    0.978524871021305,
    0.33797300152844656,
    0.31507114764190725,
    0.1812208955182122,
    0.02472753057968946,
    0.39078559526737955,
    0.2708445479821613,
    0.04738517248763863,
    0.06503580595785641,
    0.20220918579623426,
    2.000570072894578,
    0.22595139227821548,
    0.07360488106820195,
    0.052028645267868434,
    0.06219601027582655,
    0.34948991318898415,
    0.019927043674567546,
    0.12537188456846327,
    0.12808206738974626,
    0.03970316975757493,
    0.06093107481430593,
    0.13324425837776266,
    0.10194375363756958,
    0.13183161166318236,
    1.1360457886428375,
    0.07874867370997052,
    0.21160010630310788,
    0.9302875507867148,
    0.1803254042336273,
    2.016,
    0.352327418925535,
    0.13557442460028568,
    0.09577061759777905,
    0.08588219059763968,
    0.10218770943749167,
    0.16915582449299293,
    0.11971319219879994,
    0.09716701776914594,
    0.10951974117092789,
    0.09317161417430508,
    0.7139765490126013,
    0.9392505304811873,
    0.011856204951212312,
    0.9118096664786677,
    1.07075608656102,
    0.02474140841690531,
    0.2818619359309782,
    0.09698260838662076,
    0.037043999013855355,
    0.11851104119509692,
    0.11115679335695283,
    0.12265008593236093,
    0.02764709485873862,
    0.5718994688337684,
    0.0012195022532264232,
    0.09873417735058965,
    0.3106841709861943,
    0.07921128770297603,
    0.19110468894752586,
    0.2527019799764343,
    0.07059962982309376,
    0.2175920092416539,
    0.04196558343941348,
    0.03774384798672159,
    0.06011133476001085,
    0.010633449965737674,
    0.16176532837193314,
    0.026993738605414208,
    1.3000495936295868,
    0.340864399253201,
    0.000624385153658924,
    0.1528837803844798,
    0.1353359496639186,
    0.01371163521453056,
    0.22548954887313144,
    0.0642615951717973,
    0.8570531747063628,
    0.03161602230844984,
    0.12947602972750438,
    0.025430592912023542,
    0.0017975312318352366,
    0.12450483424875713,
    0.04647131625657952,
    0.17106409549817414,
    0.037370229208763206,
    0.12230703333215409,
    0.685725295639231,
    0.08892543468666325,
    0.13692923367015153,
    0.458807966977119,
    0.018859060551956297,
    0.06104382880238912,
    0.011365063389392915,
    0.052462414806829116,
    0.09480883537602125,
    0.20006561295882364,
    0.05691227819946931,
    0.12220554163772057,
    0.17417402465360166,
    0.07827650265647002,
    0.5486224847025829,
    0.05552659257865855,
    0.032113221390764224,
    0.10363115143311497,
    0.7325281734023736,
    0.2727977401557107,
    0.2855119589305577,
    0.018388060375388093,
    0.220490973055961,
    0.17640595095198464,
    0.18039163910020406,
    0.36454244941796254,
    0.5861883872324238,
    0.16035002856416192,
    0.009655839002601141,
    0.04771635420119846,
    0.21823825289575094,
    0.11986522479868889,
    0.06633272724367956,
    0.46909079109884466,
    0.14431331128017177,
    0.1082693125814771,
    0.1768988707371726,
    0.041955864272424925,
    0.0003339702860944982,
    0.01073686459936507,
    0.4390069338169189,
    0.00038053649237657083,
    0.07026754592204165,
    0.09700261208180017,
    0.038173091059596764,
    0.09038972638651366,
    0.0203803886554339,
    0.13967249133138715,
    0.11545064902413849,
    0.09618756338048406,
    0.3512177037624653,
    0.1393770626212958,
    0.08647457134279701,
    0.07698770839346647,
    0.013529187329766046,
    0.06303962112033723,
    0.0903078251806777,
    0.18506042054646876,
    0.0352323212533312,
