{
  "iterations": 310,
  "deltas": [
    1,
    4.070343308799999,
    2.52,
    3.4160000000000004,
    2.0717887064120326,
    1.0832996014016003,
    5.40410018688,
    2.493515457129609,
    5.679419421397983,
    1.7125688980255926,
    3.4700900699994914,
    2.335556403799469,
    4.3969011154639155,
    3.2109244419348553,
    1.480271700093092,
    2.980236687151441,
    3.010237441191257,
    2.8328473868574067,
    0.8312639287269439,
    0.5716996423478315,
    1.611867148001279,
    0.7099708753023224,
    3.0147743047412625,
    0.2990371147126689,
    2.08800581327863,
    0.8475036590473888,
    3.346890219913875,
    0.8302399383206103,
    0.11021489398270257,
    0.4304378023118396,
    0.965952838004589,
    0.7190400413458091,
    1.8694359936000002,
    0.4001957806863139,
    0.2653608240827965,
    1.8683306022956323,
    0.5876021413570509,
    0.8369735800256723,
    0.2565397131307918,
    0.8078911449711139,
    3.0201966699243608,
    1.4166200614731572,
    0.645974737547478,
    0.6231235595275901,
    3.286829300506211,
    0.684172332581757,
    0.5629496222328827,
    0.14420596392610285,
    1.5866557028324713,
    0.39917762770582144,
    0.5181943269833473,
    2.555823483139113,
    0.4275769848571498,
    0.2762474750886863,
    0.536819948122158,
    0.6570513710478352,
    0.5639300887214542,
    0.4851106166839685,
    0.8620659304834675,
    0.3629020197411492,
    0.47569447582934643,
    0.421762492509564,
    0.30624916925941115,
    0.13589137212301594,
    0.6914229746702567,
    1.0816632708331113,
    1.7897006751572428,
    0.6177791801632875,
    0.19233323651909728,
    0.99126938686301,
    0.35798045066983164,
    0.36700160000000004,
    0.2877660920589058,
    2.2222623090886913,
    0.19596060772572077,
    0.3450108308705815,
    0.1618466295781804,
    0.7340805715907308,
    3.501532744200029,
    0.19362903615476412,
    0.35272198836355617,
    0.8408836616990012,
    0.0928171539217546,
    0.37603662704854557,
    0.7551036035317846,
    0.16446280907611843,
    0.24223867257498455,
    0.2095616937539342,
    0.2210914990141588,
    0.13482539914904645,
    1.431148411124747,
    0.15406616571107534,
    0.23005283668031673,
    0.2796828085783032,
    0.1680070983492108,
    0.5045477017986251,
    0.18667764378924812,
    0.40789752725423156,
    0.0951590472622943,
    0.6314942260085665,
    0.0994223657694766,
    0.7119119900602104,
    0.32806815900361386,
    0.2770187724317843,
    0.2641575281323334,
    0.07940334444747066,
    0.2828854898258202,
    0.2585363594031733,
    0.15007943430756066,
    2.3471461476501974,
    0.1648492000600088,
    0.11228973990751889,
    0.14548288865937042,
    0.08218020355536293,
    0.3967668134877389,
    1.4092267429230398,
    1.0744527718123358,
    0.1598540491163032,
    1.1585895456333972,
    0.5957726890420272,
    0.18972226908236145,
    0.5295321529877617,
    1.4642623145003117,
    0.17928666235114044,
    0.14395363417312268,
    0.42362572239020935,
    0.13685642778771978,
    0.056956622693273395,
    0.14859834391382876,
    0.038288250509666,
    0.043129598934398494,
    0.018662418072897147,
    0.04186440683310444,
    1.0603307368957875,
    0.09126836005445327,
    0.08687453006482393,
    0.19820338996670728,
    0.08846224562068583,
    0.19566129952198885,
    0.8345208970229248,
    0.007633480299838347,
    0.035318571665731824,
    0.3313929770979138,
    0.07026407639609555,
    0.12391412882248432,
    0.10025410639408072,
    0.04193457389641608,
    0.045199615625406864,
    0.057444000830821906,
    0.2059734961464006,
    0.052381742014636856,
    0.09305321018520463,
    0.39827939362830733,
    0.15725647708941448,
    0.8826604702254421,
    0.036904275044649104,
    0.07737473272472739,
    0.1418848443623748,
    0.11350787548989949,
    0.03476043424267239,
    0.03067082028871848,
    0.090915891980071,
    0.0188832906273646,
    0.023706580841171387,
    0.6442816799117619,
    0.5247898766560448,
    0.021697747020264835,
    0.06763504446019741,
    0.04627555294998409,
    0.0962072674304002,
    0.07316190193249916,
    0.05852952154599933,
    0.5081381263835407,
    0.03534109786457318,
    0.017437379427176936,
    0.006191544008303573,
    0.024969118936927437,
    0.02132701451948904,
    0.05682157608369387,
    0.2719601550508086,
    0.18938177995835304,
    0.028323482597564897,
    0.050290861395721365,
    0.409474499587585,
    0.051282501247980505,
    0.1265548979596769,
    0.28816491777414655,
    0.008644350168846238,
    0.18242039577103952,
    0.01454024704890955,
    0.06765100233776433,
    0.0029768492799506774,
    0.36657582704604863,
    0.05418297895016089,
    0.07482219158584336,
    0.01845787129648757,
    0.044817599027316746,
    0.08948208020116422,
    0.021250765954590634,
    0.009306926219061928,
    0.038100665580399706,
    0.026880109686903353,
    0.003088289256679033,
    0.006420254434963191,
    0.02657308215401777,
    0.0029232713690596768,
    0.25443573970195743,
    0.013884549423089254,
    0.0014035977228417096,
    0.0008059242080751261,
    0.1344437147518005,
    0.005960943740983993,
    0.04484095469435978,
    0.07484331192836535,
    0.1596300554663257,
    0.0027391354095227527,
    0.01610061204818969,
    0.0037044337595499854,
    0.08572762103619702,
    0.003622391217509957,
    0.0018382060191228788,
    0.015465658135061844,
    0.003954150602154094,
    0.0008790364155495389,
    0.00017694790539124483,
    0.0266262044627652,
    0.010313668766238848,
    0.014854092792798035,
    0.0029970224954798397,
    0.013524987214009965,
    0.0013377144248902795,
    0.4368930005050329,
    0.021307723979770543,
    0.1108307720798205,
    0.046152572685342896,
    0.0023976180365625765,
    0.03128303399470411,
    0.007312311125321713,
    0.017050954693155873,
    0.00026737834857026854,
    0.021801996263735468,
    0.013643083971285108,
    0.12351278164070756,
    0.010914645873603135,
    0.02507471724125665,
    0.05741349636217841,
    0.002598200617525137,
    0.20681671113591626,
    0.0019320847330739355,
    0.23392952265447953,
    0.008732701294810852,
    0.0019180944571033365,
    0.039406496739491814,
    0.035137760134619,
    0.013991581049241475,
    0.02811045446962268,
    0.00019395064686023034,
    0.014060354961524801,
    0.0012493121258261297,
    0.2912685638341195,
    0.0009996455265222082,
    0.002079628594707117,
    0.2585028971400156,
    0.022489091052403154,
    0.0066155041688436,
    0.11169167942192537,
    0.000574913765151841,
    0.003384646483489462,
    0.04820786035706792,
    0.012580118797679063,
    2.7461122400929128e-05,
    0.004723840251764866,
    0.002707952145343029,
    0.8685635040718154,
    0.010772068669938406,
    0.0010654356166774903,
    0.018055745410661572,
    0.09449932331407274,
    0.031525197391593096,
    0.0019414284847627528,
    0.32961651645542744,
    0.0039980004706801076,
    1.0491105235424492,
    0.0036604372618569414,
    0.01610350614892031,
    0.0029283645456779084,
    0.025220157913274477,
    0.0029435438089171484,
    0.7315827181458321,
    0.002842020552638047,
    4.1451263420810847e-05,
    0.000852565096435498,
    0.005153639219440009,
    0.003198400376544175,
    0.00017268152851812602,
    0.001832483367600446,
    0.01288395280193555,
    0.0018741829618864614,
    0.00013181044771037875,
    0.00013841016831328545,
    0.00016246725742874446,
    0.0016643690312960757,
    0.0014993532310594304,
    8.435868653755563e-05,
    0.000215652364774499,
    6.748694923075504e-05,
    4.070451490001403e-05,
    0.0005173808689935555,
    0.0011729466743624073,
    0.01838831279661024,
    6.68733144415512e-07
  ],