{
  "iterations": 197,
  "deltas": [
    1,
    2.556,
    3.1168174699058424,
    3.4808000000000003,
    3.407509343054083,
    3.4735904021339294,
    1.9579559532534665,
    2.964529251019261,
    1.3009966839436604,
    2.46992184900437,
    1.3481744000000004,
    1.9918425466985914,
    3.337991697753899,
    1.4797569934320576,
    2.4481462869635506,
    2.347465879835032,
    2.13211083480083,
    2.3489125128661184,
    2.8914958536841855,
    3.2887466968558763,
    1.1974658248300658,
    2.3557211110831338,
    1.1066870592408433,
    1.2055570931242237,
    2.0252027174513634,
    1.8818016924762864,
    2.752384640265933,
    1.222094815999748,
    1.988137984569942,
    2.2340979381086825,
    0.8960000000000004,
    3.0707414730297327,
    0.9580420983647446,
    1.04042568913927,
    1.051927473620788,
    1.5981390998218972,
    1.2076134148204742,
    1.1958776382676426,
    0.7536645421422516,
    1.0943321818040292,
    1.2999532693282732,
    1.017477822814179,
    3.3174956626251584,
    1.220678069514408,
    0.5903449129068683,
    2.4406662452548176,
    2.420453072232406,
    0.897462966308952,
    1.2902399999999998,
    0.10408043114307208,
    1.5725861562793106,
    0.35582066695119785,
    0.8320065253146431,
    2.7993155687406936,
    0.9302339965167619,
    0.7757270466446062,
    1.6582599262585358,
    1.218889019773492,
    0.5411974322809341,
    1.0973723296747622,
    0.6105794229964152,
    1.1288377013366961,
    1.2292343534792565,
    0.9962362639450628,
    0.6313083066106895,
    1.4586261866011165,
    0.7076474523852205,
    1.2222781213869123,
    2.1509730028438145,
    0.5128665705447997,
    0.6602613450898449,
    2.2215530706445437,
    0.6660507270972733,
    1.624086441563274,
    0.9279245832199825,
    1.43376424301335,
    0.42473727841873377,
    0.5478547215149705,
    0.7569723158216952,
    3.033175681801268,
    0.43856333395123137,
    1.8642622983144115,
    0.4430296475633302,
    0.4497781137551833,
    1.1716431200989792,
    1.2378783746727304,
    0.3959547981147402,
    0.7513800471018026,
    0.5879738839304078,
    0.4235064160840416,
    2.3386004067751687,
    0.6334588734086513,
    0.3909870081965039,
    0.5120154940285762,
    1.1701258571480544,
    0.23488102399999988,
    1.1199999999999999,
    0.35119324096282867,
    0.75664381187317,
    1.9187525508561318,
    0.8011550344761904,
    0.6602816001440672,
    1.141702384884847,
    0.15207024098642918,
    0.7131722561477716,
    0.6045764360374779,
    1.0575695722367096,
    0.4028948389844569,
    0.16037660245163643,
    0.8460678914867774,
    0.33798115944628115,
    0.43655646129171544,
    0.4080214850389847,
    0.8712485847701714,
    0.20018599692880912,
    0.8311750153557753,
    0.23968027708401607,
    0.5577030034535184,
    0.11818319905369412,
    0.2882678469246365,
    0.3252255993142015,
    0.5328406279571061,
    0.538471887699135,
    0.18889310480647836,
    0.4638908227562659,
    0.26880831098190683,
    0.22478159842873957,
    0.8975523292140917,
    0.32675118269026804,
    0.08221733862427971,
    0.371526697944228,
    1.2183674265499462,
    0.4262725023661771,
    0.37570088727432704,
    0.27819127188984183,
    0.35943483083354444,
    0.2614430971940003,
    1.4887166121756685,
    0.06461444373816327,
    0.1167150917774098,
    0.22287970294485682,
    0.05592284772764966,
    0.613832403407355,
    0.6330835762940232,
    0.9838403698468543,
    1.0570019971516995,
    0.21825152121150548,
    0.20916337341238922,
    0.14386026024854637,
    0.22179714961914065,
    0.1095858134172154,
    2.343045272139509,
    0.06157265115545574,
    0.10445758741053979,
    0.1783051753436613,
    0.6065217417168158,
    0.30994226364859934,
    0.18903576599739758,
    0.5357606872160083,
    0.022817737689479145,
    0.17743772393476576,
    0.07146925225325962,
    0.09337212958244123,
    0.18638126214465522,
    0.040560221952549824,
    0.28849419732969395,
    0.1904980386479469,
    0.028174688324491548,
    0.17460121696920528,
    0.1732732118512832,
    0.04815186463907217,
    0.16733221351092453,
    0.07469770405665521,
    0.23080940913617987,
    0.5731057433425004,
    1.2180624438642482,
    0.1338657873310325,
    0.2853381177344,
    0.4584941170187733,
    0.11089495334656618,
    0.05800948298558595,
    0.019015923484509756,
    0.15240075406935816,
    0.04640937977132609,
    0.05717540180260805,
    0.20884125467432746,
    0.004479589373206139,
    0.05975816329050332,
    0.1210345497784342,
    0.12192069742888378,
    0.11817821147734442,
    0.0478065306335278,
    0.012186958654359259,
    0.08871597338613846,
    0.07097277889215547,
    0.03505795884938223,
    0.09753659144323557,
    7.32917712298331e-07
  ],
  "rewards": [
    -2095.0,
    -380.0,
    -1042.0,
    -651.0,
    -900.0,
    -1465.0,
    -204.0,
    -1364.0,
    -14.0,
    -287.0,
    -64.0,
    -146.0,
    -198.0,
    -103.0,
    -141.0,
    -582.0,
    -204.0,
    -53.0,
    -175.0,
    -1555.0,
    -102.0,
    -341.0,
    -89.0,
    -33.0,
    -400.0,
    -43.0,
    -728.0,
    -113.0,
    -66.0,
    -299.0,
    -31.0,
    -733.0,
    -5.0,
    -49.0,
    -9.0,
    -474.0,
    -29.0,
    -31.0,
    6.0,
    -130.0,
    -37.0,
    -45.0,
    -680.0,
    -12.0,
    -2.0,
    -240.0,
    -45.0,
    -50.0,
    -194.0,
    32.0,
    -99.0,
    14.0,
    4.0,
    -213.0,
    -9.0,
    -25.0,
    -410.0,
    6.0,
    19.0,
    -104.0,
    2.0,
    -253.0,
    -30.0,
    -7.0,
    -20.0,
    -93.0,
    16.0,
    -4.0,
    -152.0,
    14.0,
    19.0,
    -700.0,
    -7.0,
    -30.0,
    7.0,
    -379.0,
    -6.0,
    2.0,
    -4.0,
    -434.0,
    16.0,
    -245.0,
    -5.0,
    14.0,
    -12.0,
    -36.0,
    16.0,
    16.0,
    -29.0,
    -21.0,
    -482.0,
    -3.0,
    18.0,
    14.0,
    -25.0,
    -5.0,
    -76.0,
    16.0,
    -9.0,
    -510.0,
    -12.0,
    -23.0,
    -13.0,
    14.0,
    9.0,
    27.0,
    20.0,
    25.0,
    12.0,
    -5.0,
    4.0,
    18.0,
    16.0,
    -5.0,
    14.0,
    -55.0,
    11.0,
    -34.0,
    25.0,
    12.0,
    13.0,
    7.0,
    -6.0,
    4.0,
    -2.0,
    10.0,
    3.0,
    -86.0,
    -3.0,
    32.0,
    -14.0,
    -5.0,
    21.0,
    -5.0,
    11.0,
    16.0,
    -5.0,
    -88.0,
    27.0,
    14.0,
    0.0,
    30.0,
    -13.0,
    -6.0,
    -63.0,
    -32.0,
    7.0,
    -17.0,
    14.0,
    20.0,
    20.0,
    -660.0,
    27.0,
    2.0,
    9.0,
    9.0,
    16.0,
    -21.0,
    -45.0,
    32.0,
    27.0,
    27.0,
    0.0,
    18.0,
    25.0,
    -19.0,
    0.0,
    26.0,
    13.0,
    23.0,
    20.0,
    4.0,
    -11.0,
    0.0,
    -5.0,
    -102.0,
    6.0,
    5.0,
    2.0,
    16.0,
    17.0,
    23.0,
    -19.0,
    25.0,
    18.0,
    -24.0,
    32.0,
    18.0,
    7.0,
    -3.0,
    7.0,
    11.0,
    25.0,
    -2.0,
    21.0,
    20.0,
    -5.0,
    34.0
  ]
}