{
  "iterations": 223,
  "deltas": [
    1,
    2.1172464,
    3.60653792,
    3.1618753631254926,
    3.64508096,
    2.3380551205862403,
    1.2357068508224023,
    3.440119743641498,
    1.372,
    3.5263467464110487,
    1.3445599999999995,
    3.47189848724215,
    1.6238105191673595,
    2.448578617323741,
    2.31360663385718,
    2.4842715538406397,
    1.217892163941599,
    3.4310741561666225,
    2.227172402283405,
    2.48496301112508,
    2.3805490389579482,
    2.3891198686889688,
    1.3176687999999999,
    3.495507708152756,
    2.340612956102442,
    1.461538011003559,
    1.2964519307157243,
    2.2158794973125215,
    2.3462545862288025,
    0.8719164592264672,
    2.300360464507837,
    1.2935555926030649,
    1.2944938141274562,
    2.3848720412275544,
    1.2470493606391173,
    1.2120272197796567,
    2.4683712853260134,
    1.62765155188149,
    0.05948990685709177,
    1.0935706949125796,
    0.6981219173114903,
    1.810982724777988,
    1.4000000000000001,
    1.1199999999999999,
    1.2760527529670087,
    1.1033845003196996,
    1.0221225044733169,
    2.6578974647910227,
    1.1582046854124952,
    1.18651533143617,
    2.3006898461934755,
    1.2740171402940508,
    1.2474475400157345,
    1.6411217598105354,
    1.2659730089463936,
    1.1704516572289716,
    2.1195089271702487,
    1.0270243225095852,
    0.8471511515807482,
    1.3237183912930295,
    2.077607347640855,
    0.6463164961888186,
    1.1034213618659736,
    1.0486406893573594,
    2.1321258089870776,
    0.979043063983358,
    1.2626388360171248,
    1.198522945277407,
    1.2328664397249014,
    0.5734399999999997,
    1.0164283241408718,
    1.472675237984311,
    0.026123256036281184,
    1.034964262930055,
    1.0994456009678935,
    2.4341550117782997,
    0.9384106497941769,
    1.166318343812386,
    0.9355438332901418,
    0.9062405034222021,
    0.8285194272730578,
    1.0866799841481365,
    0.9296456931159831,
    0.4587519999999996,
    0.8380878260780484,
    0.018009631919562175,
    1.2913154240000004,
    0.07808223334000086,
    1.066074908345696,
    0.5945073908553953,
    0.015269156903734427,
    1.712701425281555,
    0.8612679774183487,
    1.1167198031694578,
    0.602722327508868,
    0.8369943062448506,
    0.36700160000000004,
    0.9143404192962592,
    0.3343809997955116,
    1.0289454661324147,
    0.010324074525404292,
    0.7315368543866825,
    0.7702240401405582,
    1.9377861211475302,
    0.6642107697989648,
    1.686002133268401,
    0.4404806748471426,
    0.008052388850821934,
    0.8690088399286582,
    0.0072003832598337425,
    0.6725346861663883,
    1.0487170866382174,
    3.0851599175350017,
    1.0451163277532274,
    0.1504080505672607,
    0.9891269284377397,
    0.3552419701537026,
    0.8006519981473588,
    0.5047324228301324,
    0.5853194027781914,
    0.004539265321984232,
    0.3791966794205095,
    1.2625768721221347,
    0.5638731138083504,
    0.11992329301725002,
    0.5333027957483463,
    0.4268982905956502,
    0.2211858804897524,
    0.4250971206970746,
    0.21630018302286125,
    0.6113666918673797,
    0.4160488899863086,
    0.40387265284726936,
    0.18755033971081936,
    0.5387115440609413,
    0.21623574974042548,
    0.22246963610378057,
    0.3916147306255624,
    0.49001587413516745,
    0.3511170588336867,
    0.7917032866069889,
    0.32225145240208874,
    1.1808069273097423,
    0.298357149693663,
    0.4518687860623469,
    0.31356029449175615,
    1.0866742727758716,
    0.3330733545173672,
    1.2387343108018802,
    0.0588833757097833,
    0.6742958762647326,
    0.22090088186035572,
    0.31390137848161714,
    0.5115488037961491,
    0.08458772751769139,
    0.6333709326234782,
    0.06516520473198373,
    0.17683728432627,
    0.06178637758369909,
    0.0001970840583602751,
    0.6198532272286865,
    0.13448829234031656,
    0.13929583343309737,
    0.087614847711043,
    0.3447963072491138,
    0.6952071282769987,
    0.19414913085868335,
    0.2239474691927894,
    0.27957474848843944,
    0.8925901431587295,
    0.17915797535423206,
    0.03573637884444825,
    0.31736546526299136,
    0.5959346142930855,
    0.032701648733209465,
    0.213192840670839,
    0.8465496050956673,
    0.17055434177319384,
    0.5066974323167202,
    0.280928535237722,
    1.6128000000000005,
    0.24131547468193304,
    6.9658481685053175e-06,
    0.1171476257945967,
    0.17979428444302847,
    0.20085528992748714,
    1.2909220609638759,
    0.1818840192385327,
    0.2758371861426099,
    0.40535795522267826,
    0.20097017895932545,
    0.6054080336372039,
    0.09059853445052468,
    0.22066975016610968,
    0.160776307252533,
    0.07497448050854238,
    0.2397496592637367,
    0.19179972741132012,
    1.2397126513099588,
    0.12703973973052207,
    0.038845597137808996,
    0.17653580075807973,
    0.19305274620604962,
    0.32428636575948744,
    0.14383544157632144,
    0.2594290926455862,
    0.02092905518925403,
    0.16068486961875017,
    0.11506835345407396,
    0.5561657026218194,
    0.08231759954574436,
    0.11466110422670805,
    0.1058764315957248,
    0.2892375492106556,
    0.15032385535999992,
    0.6427361835768384,
    0.06257048644555674,
    0.18510898948978216,
    0.16499303177115365,
    0.4767476915704396,
    0.13644366046206002,
    0.25389250044607614,
    0.12025908428800047,
    3.551599547790829e-08
  ],
  "rewards": [
    -688.0,
    -1310.0,
    -1048.0,
    -329.0,
    -1436.0,
    -365.0,
    -27.0,
    -659.0,
    -110.0,
    -1488.0,
    -48.0,
    -326.0,
    -46.0,
    -113.0,
    -439.0,
    -850.0,
    -18.0,
    -147.0,
    -239.0,
    -112.0,
    -37.0,
    -314.0,
    -6.0,
    -949.0,
    -25.0,
    -176.0,
    -31.0,
    -108.0,
    -394.0,
    14.0,
    -550.0,
    3.0,
    6.0,
    -156.0,
    0.0,
    1.0,
    -935.0,
    -16.0,
    34.0,
    -55.0,
    0.0,
    -123.0,
    -6.0,
    -5.0,
    -60.0,
    7.0,
    -6.0,
    -894.0,
    -12.0,
    3.0,
    -96.0,
    8.0,
    23.0,
    -341.0,
    8.0,
    -34.0,
    -111.0,
    -2.0,
    10.0,
    -294.0,
    -24.0,
    27.0,
    -62.0,
    9.0,
    -420.0,
    3.0,
    -13.0,
    -39.0,
    -72.0,
    18.0,
    -1.0,
    -55.0,
    34.0,
    15.0,
    11.0,
    -598.0,
    16.0,
    -22.0,
    14.0,
    -60.0,
    20.0,
    -43.0,
    9.0,
    25.0,
    -7.0,
    34.0,
    -121.0,
    30.0,
    16.0,
    8.0,
    34.0,
    -354.0,
    7.0,
    -87.0,
    14.0,
    20.0,
    18.0,
    23.0,
    21.0,
    -33.0,
    34.0,
    -8.0,
    21.0,
    -94.0,
    11.0,
    11.0,
    25.0,
    34.0,
    16.0,
    34.0,
    -3.0,
    -31.0,
    -462.0,
    6.0,
    30.0,
    -17.0,
    27.0,
    16.0,
    18.0,
    20.0,
    34.0,
    20.0,
    -82.0,
    9.0,
    30.0,
    18.0,
    25.0,
    23.0,
    25.0,
    8.0,
    0.0,
    9.0,
    13.0,
    16.0,
    9.0,
    11.0,
    28.0,
    16.0,
    -1.0,
    16.0,
    13.0,
    18.0,
    -55.0,
    27.0,
    4.0,
    27.0,
    12.0,
    20.0,
    -46.0,
    32.0,
    4.0,
    9.0,
    -3.0,
    13.0,
    30.0,
    25.0,
    30.0,
    27.0,
    25.0,
    34.0,
    11.0,
    18.0,
    27.0,
    30.0,
    18.0,
    13.0,
    16.0,
    25.0,
    -2.0,
    -10.0,
    25.0,
    32.0,
    16.0,
    18.0,
    32.0,
    27.0,
    -4.0,
    11.0,
    2.0,
    20.0,
    7.0,
    18.0,
    34.0,
    27.0,
    25.0,
    7.0,
    -8.0,
    27.0,
    13.0,
    11.0,
    20.0,
    -28.0,
    27.0,
    25.0,
    27.0,
    23.0,
    23.0,
    14.0,
    7.0,
    20.0,
    32.0,
    23.0,
    18.0,
    21.0,
    21.0,
    11.0,
    30.0,
    23.0,
    9.0,
    27.0,
    27.0,
    27.0,
    20.0,
    11.0,
    13.0,
    18.0,
    18.0,
    7.0,
    25.0,
    23.0,
    13.0,
    16.0,
    21.0,
    34.0
  ]
}