{
  "iterations": 180,
  "deltas": [
    1,
    2.1887499999999998,
    6.783125,
    3.5,
    3.5157890624999997,
    2.5706875,
    3.0188126558593744,
    4.482611891601563,
    0.47093873535156217,
    5.048261267560546,
    3.325,
    2.3265452315087893,
    3.5,
    1.0725531768265881,
    3.325,
    3.325,
    3.325,
    0.5860162957848205,
    0.22555777369100838,
    6.817693780004644,
    2.48321875,
    3.2365982996289064,
    3.1050494570312495,
    0.3885670860831736,
    0.943898128555432,
    0.6078019721035157,
    0.5598916270515044,
    1.0616253940273843,
    3.532877404713134,
    2.1481270911822428,
    2.0737352316807245,
    0.6170865539550783,
    1.0732042876502987,
    0.87474849096985,
    3.325,
    1.3371992187500004,
    1.8440294490457383,
    0.6415304925065044,
    0.41028520911623456,
    1.849781744718551,
    0.64375,
    4.4603204789861035,
    1.006212908977414,
    0.503106454488707,
    3.325,
    0.08493008019829063,
    0.4048949712419989,
    1.7517229095458982,
    1.2863536858204316,
    0.7092256068050862,
    0.7735761849722183,
    0.8992445545243095,
    1.3873823592041674,
    0.8222051894690132,
    0.23647127231770426,
    0.2579943808804046,
    0.11839069647549572,
    2.1820112554738946,
    2.0798526898056373,
    0.08646514197533861,
    0.8724540815971391,
    0.027972277696902914,
    4.91306207282221,
    0.4590075946387948,
    0.12893306694035678,
    1.0800129983092361,
    0.4951859018685516,
    0.4851974042906053,
    0.1666123061104665,
    0.5306008707533056,
    1.3356612807465371,
    0.0933611601419857,
    0.02163919358235411,
    2.6133672614385883,
    0.047028685224181466,
    1.6257179684740812,
    0.14388540826728935,
    0.13915075673027388,
    0.2381245116898203,
    0.8208698381391741,
    0.41078021989027036,
    0.0941453334674236,
    0.5816489727448513,
    0.08119817248340322,
    0.6525169955260832,
    0.1214244099800581,
    0.06494634773667407,
    2.3996874999999998,
    0.8577241805604494,
    0.2763694926197777,
    0.42971993329495284,
    0.71875,
    0.24753974550671742,
    0.01694385079207139,
    0.0392433486638577,
    1.8116780726959796,
    0.2663377651794594,
    0.12438044134675152,
    0.05071448540757206,
    0.18424436592670013,
    0.13503334946178214,
    0.0018065181951607556,
    0.13633241998697887,
    0.6718166002041706,
    0.359375,
    0.04102624258951337,
    0.33934203633420346,
    0.10445128466748343,
    0.020644718869480272,
    0.09436196857889456,
    0.3061830511862471,
    0.10799890560947922,
    0.3002818728685379,
    0.45672586722506203,
    0.09322445813198676,
    0.6975968749999996,
    0.09256081086565171,
    0.33610751294509456,
    0.00020493477514271774,
    0.03195988913701875,
    0.18134798362031823,
    0.00012435041721747808,
    0.005094262917491044,
    0.016125822627817143,
    0.016929748023289726,
    0.13970902004906094,
    0.08984375,
    0.04689751757347693,
    0.032093578596134265,
    0.1539502518800493,
    0.0698693198169753,
    0.044921875,
    0.04317440525909433,
    0.03494443517635215,
    0.004031455656955174,
    0.34268910458418844,
    0.08356686936002689,
    0.03855197280154421,
    0.016184066097743255,
    1.2427203125000004,
    0.0078125,
    0.2483859574860321,
    0.041811765950702906,
    0.009637316560821674,
    0.008115771076093736,
    0.020923421046814106,
    0.10916171585595258,
    0.00514226161204423,
    1.1562499865889553,
    0.6947906226813796,
    0.02681325328260087,
    0.28632812500000027,
    0.08791193474971593,
    8.054346211316954e-06,
    9.91423394403057e-06,
    1.4116345659509477e-05,
    0.3262588137356204,
    0.054594568015986056,
    0.009703224503176955,
    4.659474489798754e-06,
    0.0010286542462001336,
    0.029037927903647898,
    0.005396800657386791,
    0.1631294068678102,
    0.010893872494751378,
    0.00039620691724806534,
    0.001816501777501145,
    0.013056412083882307,
    4.97872752713846e-06,
    0.1681604489856987,
    0.010426004705439418,
    0.05470508787002082,
    0.01430632029654344,
    0.00364807621036789,
    0.0012217618284573462,
    0.02735372506587197,
    0.002522292078158017,
    0.024155651148143775,
    0.0005640548213676766,
    0.08408101077788643,
    6.365526070695182e-07
  ],
  "rewards": [
    -859.0,
    15.0,
    -1670.0,
    -121.0,
    -307.0,
    -9.0,
    -113.0,
    -597.0,
    33.0,
    -404.0,
    -18.0,
    4.0,
    -324.0,
    7.0,
    -21.0,
    -225.0,
    -14.0,
    21.0,
    39.0,
    -1268.0,
    -1.0,
    -38.0,
    -41.0,
    35.0,
    9.0,
    29.0,
    12.0,
    0.0,
    -188.0,
    24.0,
    5.0,
    29.0,
    24.0,
    9.0,
    -209.0,
    14.0,
    15.0,
    30.0,
    28.0,
    16.0,
    29.0,
    -541.0,
    22.0,
    28.0,
    -27.0,
    39.0,
    35.0,
    26.0,
    12.0,
    18.0,
    10.0,
    30.0,
    10.0,
    10.0,
    37.0,
    32.0,
    32.0,
    -20.0,
    25.0,
    30.0,
    26.0,
    39.0,
    -202.0,
    21.0,
    30.0,
    16.0,
    26.0,
    31.0,
    37.0,
    28.0,
    -2.0,
    33.0,
    32.0,
    21.0,
    35.0,
    25.0,
    37.0,
    37.0,
    35.0,
    30.0,
    23.0,
    25.0,
    -4.0,
    37.0,
    25.0,
    35.0,
    25.0,
    28.0,
    23.0,
    31.0,
    10.0,
    20.0,
    24.0,
    37.0,
    32.0,
    9.0,
    30.0,
    25.0,
    37.0,
    5.0,
    28.0,
    32.0,
    28.0,
    30.0,
    30.0,
    35.0,
    10.0,
    37.0,
    37.0,
    26.0,
    14.0,
    31.0,
    28.0,
    9.0,
    31.0,
    24.0,
    37.0,
    23.0,
    39.0,
    28.0,
    37.0,
    39.0,
    37.0,
    28.0,
    35.0,
    17.0,
    21.0,
    35.0,
    32.0,
    25.0,
    24.0,
    23.0,
    35.0,
    26.0,
    32.0,
    25.0,
    26.0,
    18.0,
    28.0,
    6.0,
    28.0,
    30.0,
    26.0,
    35.0,
    25.0,
    37.0,
    18.0,
    37.0,
    22.0,
    21.0,
    23.0,
    26.0,
    -6.0,
    39.0,
    39.0,
    39.0,
    22.0,
    32.0,
    32.0,
    39.0,
    30.0,
    25.0,
    33.0,
    -6.0,
    16.0,
    33.0,
    18.0,
    35.0,
    39.0,
    32.0,
    37.0,
    26.0,
    24.0,
    25.0,
    37.0,
    28.0,
    32.0,
    13.0,
    32.0,
    11.0,
    39.0
  ]
}