{
  "iterations": 503,
  "deltas": [
    1,
    1.21432,
    2.1095999999999995,
    4.83601152582144,
    2.3392027171583996,
    4.43569443264,
    2.199647532453115,
    4.125713264243393,
    2.485632956777976,
    1.4000000000000001,
    1.2783558784000004,
    1.309740744284508,
    2.2996694283036714,
    1.253714551646623,
    0.3919316947776368,
    1.178211919118545,
    0.983099555452057,
    2.260902669581335,
    2.4475807654525052,
    1.1182817098706432,
    1.1828989176029414,
    3.163625248070942,
    1.0738688951790372,
    1.9031945930079202,
    3.351015005318218,
    0.20875531285869986,
    0.9827980451436913,
    1.34600175465728,
    0.9420927824573573,
    1.9539767375141524,
    0.28534180712280754,
    1.0687452109369784,
    0.86312794310013,
    1.7385314518876909,
    2.9857440440541225,
    1.5848675435327895,
    1.0529837331407261,
    1.3152515248495176,
    1.372,
    0.7029418838608041,
    2.441453919128345,
    0.6131050468214632,
    0.7418840675653282,
    1.3200778978838237,
    0.8127538078628227,
    1.193138166139911,
    1.3238057089670674,
    2.202660566892358,
    0.7156163525693939,
    0.7065264522419428,
    0.8749678839882806,
    1.9251806441445867,
    0.577551806700372,
    0.15003370284372242,
    2.8151709827631413,
    0.48834009010556834,
    0.5784118585023093,
    1.3332925715531774,
    0.1346504531501962,
    0.7534026543287649,
    0.8152035570573144,
    2.044468621822695,
    3.09066820835033,
    1.1512165984551697,
    0.15327437627404272,
    0.9998097347945922,
    2.6921236503584938,
    0.46845955288155405,
    1.3201719865600001,
    0.6871605448614613,
    0.9290318590245183,
    0.46769796630884386,
    0.1582470667640088,
    0.8356249074926358,
    0.9146780265095567,
    0.44206089753990163,
    0.4116292229219578,
    0.04633009036689817,
    0.807980400927609,
    0.16998835728254225,
    0.2860177294240671,
    2.3837239307858917,
    0.3586443840000001,
    0.23067135241163683,
    0.614383869671336,
    0.6020348593406375,
    0.14497172479999998,
    0.9270334534954197,
    0.7099212265121118,
    2.272539956271104,
    1.3565135361932121,
    0.2527225824696703,
    1.312688645593873,
    0.17696802293248748,
    0.20085446787325356,
    1.4341055667340754,
    0.9904994768822091,
    1.1840867859261177,
    0.5725591026304926,
    0.03720975935068127,
    0.9006501964850973,
    0.3771590352967378,
    0.32684699877821544,
    0.528730361250652,
    0.9231039802483307,
    0.1435821933044128,
    0.23699800992474396,
    0.18052101463727865,
    1.3271553386302948,
    0.497812256798019,
    0.267449430061367,
    0.9882302230472799,
    0.38955614598453714,
    0.16053959724974431,
    1.7309516018610926,
    0.7396737505420088,
    1.2147007352488606,
    0.15352789312210646,
    0.43108296753315933,
    0.11859963933363371,
    0.05128462214953178,
    1.6918525685467642,
    0.8283822153600333,
    0.5805781057925445,
    0.18917556470517383,
    0.38256494522941686,
    0.04315848265650768,
    0.052183736128923464,
    0.31329562167121416,
    0.5922176520218176,
    1.5361378221602875,
    0.5654369966957926,
    0.1133170082417676,
    0.0310897608399463,
    0.1774107707042778,
    0.3684917594705457,
    0.17032695261367703,
    0.027011949028017845,
    0.9735808909054278,
    0.4568845863856321,
    0.09159746317866357,
    1.1201397831933115,
    0.11058015588452097,
    0.16104601840507193,
    0.9831512574412624,
    0.474030377630573,
    0.13379011567153576,
    0.34766357098821565,
    0.5331147296667069,
    0.1144639915930803,
    2.4508760913607297,
    0.018498745259224236,
    3.3614181845133233,
    0.3255914862260294,
    0.8985118938096921,
    0.2626790825242882,
    0.7789911340936637,
    0.09372632509423173,
    0.027274377839408892,
    0.6154503099847739,
    0.25504339917337404,
    0.10351608524998723,
    0.4364056039926947,
    0.07498106008425065,
    0.21611669470637374,
    0.16123019645037928,
    0.04841304307552141,
    0.26237824194155834,
    0.07674120004052787,
    0.14929754690245112,
    0.0270659799026145,
    0.4923602482183149,
    0.12193395629708181,
    0.37122657909466916,
    0.6155535495947895,
    0.23623799842197712,
    0.07022702342851206,
    0.07745553723418297,
    0.004775693709679896,
    0.04240018852106142,
    0.1300088963292847,
    0.09889099761639031,
    0.04798787845691521,
    0.3495657674479382,
    1.2999877498347907,
    0.3554290595238516,
    0.11894546775193948,
    0.1760480960058608,
    0.8992986030318679,
    0.3033861835757463,
    0.3988778380707192,
    0.46749790443310957,
    0.14000375324092484,
    0.18993693355287267,
    0.19654578184789528,
    0.00286730344406827,
    0.1502651442387002,
    0.1413120233568126,
    0.014586293720081578,
    0.2427089536019107,
    0.15978399588913028,
    0.09775215820915584,
    0.07115830856712346,
    0.4587519999999996,
    0.7229004883962231,
    0.09713088602221553,
    0.5176124868055236,
    0.0076521066635741875,
    0.013322508192428195,
    2.3957388896005813,
    0.31910324611175156,
    0.049644990103552056,
    0.5786887224267794,
    0.004182075707918287,
    0.2298339116108563,
    0.31511055887435546,
    0.0016924375988587315,
    0.25208844709948774,
    0.2972663795047321,
    0.040505752688044794,
    0.20068142781440013,
    0.11309145837101031,
    0.005451462173834187,
    0.13325959569824164,
    1.0400013977518627,
    0.20167075767959286,
    0.586757479694592,
    0.18736998993593978,
    0.06349598716799942,
    0.8320013286577268,
    0.0251734378580748,
    0.7507622518556083,
    0.08889468617270868,
    0.039291509977473105,
    0.15034723754835078,
    0.0027918018891588403,
    0.20421487031162044,
    0.001251919532648138,
    0.0031458183309736043,
    0.19416716825806546,
    0.002516656256958072,
    0.18673794244210917,
    0.046259382212298306,
    0.6656015599396277,
    0.04218457992289215,
    0.06992804655449802,
    0.15533373461258115,
    0.07170066321008317,
    0.18077307604743886,
    1.3122185707264002,
    0.06590534580585405,
    0.09142355656320333,
    0.08984586703903208,
    0.15293521109605202,
    0.0006096174592009618,
    0.15037829899136135,
    0.0908105794091485,
    0.2378246729796487,
    0.008863608906072518,
    0.029606006338275037,
    0.16133660614367518,
    0.11637189816471682,
    0.2610981880571881,
    0.0006409828007192253,
    0.713012529080296,
    0.0541493206438175,
    0.6014855973050306,
    0.09941359015428475,
    0.20965846050676995,
    0.20422620135405012,
    0.0016880941983083986,
    0.33488732530188847,
    0.26792699552673316,
    0.15503070929215745,
    0.07953087212375465,
    0.09817516342499744,
    0.034608946995065004,
    0.12906928491493908,
    0.528698713578045,
    0.1431821397013362,
    0.018947844262211966,
    0.10325542793195197,
    0.12447156283941574,
    0.09960496834137622,
    0.07970614912897567,
    1.153293387079895,
    0.06378954077322163,
    0.050899758159285824,
    0.018229694456932677,
    0.19026025088223086,
    0.07463259001929856,
    0.0787661051203088,
    0.04782858496250775,
    0.7145448154071072,
    0.05790895386420569,
    0.09686838566302569,
    0.09851509949741111,
    0.07754262154919545,
    0.08260434234556158,
    0.923476034825478,
    0.025350215542507826,
    0.5324815738069857,
    0.07545865873211888,
    0.10870797281489075,
    0.3715062856778397,
    0.0660834738764482,
    0.2972179880622017,
    0.0008433542464643118,
    0.00028739010371570117,
    0.16231979823179188,
    0.1213041044798091,
    0.39864954523871177,
    0.050725267609108116,
    0.08365105211578516,
    0.055453489020718116,
    0.040719806527445,
    0.1129167252336769,
    0.15220822339307283,
    0.003632765229461654,
    0.07312142178446912,
    0.06972895823737169,
    0.12176657943398972,
    0.16337204353671275,
    0.07993603709537567,
    0.03851906596600507,
    0.04148984715311066,
