{
  "iterations": 515,
  "deltas": [
    1,
    4.657775810887615,
    3.695363013831458,
    4.124096253935259,
    4.217613536515704,
    2.6652107878037965,
    3.4057435308930586,
    2.5300829095562998,
    3.018167594492321,
    2.443680304753814,
    2.881115384216665,
    2.358876018168857,
    2.2956637975609064,
    3.6104555437234946,
    2.5682628807196606,
    2.3637290018012633,
    2.228337264620328,
    3.3632457088775007,
    2.2037314289063117,
    1.3097334047275986,
    1.2924834036594408,
    1.721330693178655,
    1.6128000000000005,
    1.3445599999999995,
    1.831047279236249,
    1.2390161842743241,
    1.9454917603941642,
    1.777101931156551,
    1.0324618661849279,
    1.5500090898035133,
    1.0082142841435164,
    2.3268542817135245,
    1.246408926443106,
    2.3470652975470516,
    1.2094876565827866,
    1.07300581043304,
    1.2725869802427798,
    1.0795128958631306,
    1.1369299764077692,
    1.4848620691253611,
    0.9117775655702776,
    1.5851694507074026,
    1.3189240359974477,
    1.1843884633135602,
    1.0700899686026375,
    1.0541929563716312,
    1.241357418518299,
    1.1044285097151736,
    1.048726529355788,
    1.0927001790788653,
    1.562883465087788,
    1.081858848832404,
    0.8238629911067985,
    0.626476914563435,
    1.1942532039097902,
    1.908459214044587,
    1.0561920942731025,
    0.6927775475975153,
    1.0780574382812453,
    0.9692821320476348,
    1.4412848014327908,
    0.702550671155354,
    0.5555883769147876,
    0.9694910017629113,
    1.3176687999999999,
    1.9188092501025773,
    1.0015475347031852,
    1.1023723148683136,
    0.4657336018486298,
    0.7781017451196828,
    1.0731499667402424,
    0.6659623872750409,
    0.756194002648412,
    1.0852792611772202,
    0.6747889354795493,
    1.5122650613756612,
    0.3787472007658437,
    0.5566925622004266,
    1.3301150906382269,
    1.01103702011806,
    0.437266909257346,
    0.5911591997886276,
    0.765607627315811,
    0.5662609773016616,
    1.1418819956861626,
    0.7465644235044575,
    0.9261787356605407,
    0.33809283044682203,
    0.7076803870814992,
    0.5206134067435979,
    0.2598485156195487,
    0.6307718097699677,
    0.8699253571522156,
    0.902921858128793,
    0.25718210692430965,
    0.5122135276547599,
    0.9755818379934968,
    0.9843096135825586,
    0.3609598465993962,
    0.8769563233047215,
    0.13243863715241666,
    0.2770198995648503,
    1.0346510028891203,
    0.6977815384625554,
    0.8077687352797298,
    0.7754396337976583,
    0.9741567158338835,
    0.8269899072636786,
    0.4700003576062226,
    0.5276185288490645,
    0.4534650868752834,
    0.6512050010712667,
    0.7309778844124288,
    0.6921475531465084,
    0.1678784584429689,
    0.8972783058571796,
    0.4669517399934726,
    0.17386707548206637,
    0.4166864726474788,
    0.2205074627003487,
    0.3661647761501481,
    0.1965012391979073,
    0.3729232795357369,
    0.36111846385024116,
    0.8345266709389065,
    0.2903290925282249,
    0.6886912941992342,
    0.3688013496940581,
    0.4779648219599988,
    0.36443907383058693,
    0.2922486934393973,
    0.21813767306626608,
    1.0675474443119946,
    0.23503480874854787,
    0.3043532394597648,
    0.5853444898383184,
    0.10939695195587973,
    0.452211949147971,
    0.13042797442222032,
    0.11651468342009963,
    0.7030101205026646,
    0.39264799683762774,
    0.06684560069738854,
    0.3142365777878684,
    0.5614479120323903,
    0.19394888506276153,
    0.9010094663892856,
    0.26111364199205234,
    0.15879741206680364,
    0.5678142412648661,
    0.25916381295983193,
    1.3946819236385082,
    1.3198947381220556,
    0.4988640399897015,
    0.1399316541226181,
    0.40633763538538936,
    0.19478421185370642,
    0.3924214499460863,
    0.3409896756070747,
    0.05448640028168228,
    0.6174415097169437,
    0.180059748052523,
    0.1663975677010665,
    0.7904829379436453,
    0.2882774110918316,
    0.03857752289014549,
    0.39005282403561736,
    0.38368201975885263,
    0.17451013845379548,
    0.2351326870114967,
    0.28348757294434,
    0.6560227894157658,
    0.11315736900628082,
    0.19285595803606803,
    0.21334012004357206,
    0.3069457052325486,
    0.7892986942435734,
    0.12413305274951902,
    0.09930646125530807,
    0.6196576850986908,
    0.3992381599864494,
    0.31939225443587205,
    0.17189093373632325,
    0.14279021255586066,
    0.37742904518371034,
    0.11440117755239854,
    1.025739987007527,
    0.042991777792710906,
    0.503220090548977,
    0.1858809100529406,
    0.24981616840435095,
    0.7897658063955539,
    0.0608095437277445,
    0.104296738450941,
    0.6048687786004407,
    0.457389647759884,
    0.12798765640020804,
    0.11536841741606807,
    0.5308075625617059,
    0.15074107943039117,
    0.33228067406848005,
    0.03362558035366803,
    0.8884407536268419,
    0.07854076324567671,
    0.3346425656772709,
    1.0670687867049389,
    0.19644531505491258,
    0.22536625415892608,
    0.6684552669678805,
    0.6322663225070313,
    0.21756013154521803,
    0.1139401961745996,
    0.16966061242362152,
    0.9106067878706545,
    0.23280882782088597,
    0.0400807247358248,
    0.38307378452470253,
    0.17427218013675372,
    0.1308288490312517,
    0.01901329529660245,
    0.05733247331447444,
    0.12572500316396962,
    0.1812080078629812,
    0.8539476319664865,
    0.10466318183340384,
    0.2437503971909436,
    0.15355689745027234,
    0.2450298456353317,
    0.027107633989693625,
    1.3044060531429098,
    0.02180497292241057,
    0.06593150231248401,
    0.03985012661317011,
    0.1527298209074317,
    0.04586600176870448,
    0.03241629909439858,
    0.3660839260842561,
    0.01866883507951478,
    0.025885156930920417,
    0.6832276995911419,
    0.7988146191788461,
    0.5465967630078277,
    0.018842577836709395,
    0.7555636533197196,
    0.05317211806664446,
    0.036995038969120486,
    1.92344066619499,
    0.10673984116369262,
    0.02841173907169825,
    0.030871589131149513,
    0.14055377367584398,
    0.2861015270885314,
    0.7197823538620813,
    0.17692329427463704,
    0.03449036448317777,
    0.008674430082644236,
    0.030661913013975806,
    0.3140896822002439,
    0.059073831736924376,
    0.03370935346370274,
    0.836892716810774,
    0.10195721540383218,
    0.024566594173061063,
    0.12984250301071576,
    0.10106994449169449,
    0.0837307173054942,
    0.5073637040420405,
    0.6771899226039269,
    0.016567357800102656,
    0.7371797864631322,
    0.08085595566790005,
    0.08046400226194983,
    0.12914338170870288,
    0.0275255053633483,
    0.07420075971705664,
    0.024708617547750222,
    0.05383473623672863,
    0.2928786873457092,
    0.45519931524684587,
    0.13075389180457364,
    0.2979478020396744,
    0.06437120181060685,
    0.05149696144851745,
    0.049386388266349,
    0.008533547479483872,
    0.0025698159843425827,
    0.2213206547415112,
    0.024289245136538185,
    0.03679508514194829,
    0.023676824940258356,
    0.029277942870292506,
    0.04170028948887605,
    0.41022566758841705,
    0.23430309340642097,
    0.33724033885421356,
    0.04119756915903494,
    0.03780726316260363,
    0.18744248861884572,
    0.07871588707957677,
    0.025078940686380946,
    0.4373260236137533,
    0.42039618847812754,
    0.029712555339628466,
    0.03336023165970037,
    0.0815657725421417,
    0.1499540076177457,
    0.01581351523056007,
    0.08427833600143053,
    0.7375565336630334,
    0.06468476462758765,
    0.020007472471014864,
    0.01418257256165667,
    0.012650812184448412,
    0.06525261803511917,
    0.15232807009622995,
    0.01821716954560415,
    0.3914430386205474,
    0.6687533283995037,
    0.0177033877180115,
    0.021350548278177506,
    0.009456665184044866,
    0.27039608239872237,
    0.4224090323390115,
    0.014127256866266258,
    0.3796217179174395,
    0.026366444261860522,
    0.05220209442872914,
