{
  "iterations": 439,
  "deltas": [
    1,
    6.946318237058151,
    4.9372541196892765,
    4.715628919372801,
    5.42493843144115,
    5.060977367808906,
    3.6673431671444554,
    3.3050045351675976,
    1.533788226875978,
    2.4922281985312775,
    3.0146979906760363,
    1.487646677184439,
    1.8380920826468081,
    1.9873546240000004,
    1.6662078783209626,
    2.6675321373260896,
    1.8359449462805477,
    1.2195231186870954,
    1.7912450621784899,
    1.4280656193784278,
    1.5258774711060745,
    1.696513474689871,
    1.6517148002001694,
    1.2063041478759944,
    0.9883047707705828,
    1.7990896452097163,
    1.002718304150493,
    1.1755725571193292,
    3.00597958516164,
    1.2064536480062316,
    0.47932119427754394,
    0.8205769956845597,
    0.8960000000000004,
    0.8720346711892191,
    0.6253533057854233,
    1.454803289198276,
    0.734472626814549,
    0.982961831732851,
    1.281309774084793,
    1.0744921699927659,
    1.2510665859783874,
    0.7823976436964504,
    0.5777307876670079,
    0.35363530473754246,
    0.6037811371225601,
    0.343493264080335,
    0.6841131290562057,
    1.3255475982153908,
    0.983667575337785,
    0.6434161234589642,
    0.6265845338425668,
    0.4644260915007994,
    0.29360127999999985,
    0.8181904432739096,
    0.5694422825884828,
    2.154499905755835,
    0.36233469732682977,
    0.4320964267497551,
    0.30057610483907915,
    2.1274101519764415,
    0.5588687011411864,
    0.26532993899034985,
    1.0751747928199755,
    0.6163846033312534,
    0.4964039764973016,
    0.22433511437546905,
    0.8603243758268775,
    0.288811421450232,
    0.33830326658768506,
    0.26306660668531556,
    0.23239980908655689,
    0.5652650911077561,
    0.5082570783715816,
    0.3213260262017883,
    0.3817403564927382,
    0.7098749980062049,
    0.5799955420330836,
    0.46089389059256014,
    0.673273619102515,
    1.0351727407979592,
    0.34139991241846523,
    0.24037421047202479,
    0.18178579861786126,
    0.48832640484697976,
    0.12946166136794268,
    0.19365921094238558,
    0.15507255212297544,
    0.7006040587729601,
    0.2046632243947588,
    0.5088344056486243,
    0.2878437092715078,
    0.4147848996556931,
    0.46456792308454453,
    0.10202156296732667,
    0.5559469253573326,
    0.3717100457694027,
    0.5287879436701424,
    0.255311762892088,
    0.15004451832054144,
    0.7946273553947929,
    0.25509384883159925,
    0.27658490313652173,
    0.10011445713248968,
    0.09992013755326212,
    0.9080731556376138,
    0.6397449558992436,
    0.42845075661961207,
    0.7361065081482625,
    0.0792233889273728,
    0.13311926955766706,
    0.12977610386454153,
    0.06959141435340577,
    0.5713305435893474,
    0.041909199651593454,
    0.5787721992770667,
    0.13443279785220064,
    0.1245627362774604,
    0.1566569304683867,
    0.0978864007630289,
    0.3953898324760452,
    0.06500378343784519,
    0.7995308005813708,
    0.06838367037297388,
    0.11442622443403039,
    0.15224706959805445,
    0.11877149493625083,
    0.06551692400265452,
    0.1231337913278292,
    0.11702331077209038,
    0.09287489443402386,
    0.17105487713172352,
    0.04593154370698116,
    0.4800932954521535,
    0.037378576569446764,
    0.047884863208258466,
    0.38769347282452493,
    0.6148929270932975,
    0.229572930077925,
    0.029442112583170754,
    0.03493318817746349,
    0.1755804661333773,
    0.06242881970163072,
    0.10615440900050466,
    0.04001153735058516,
    0.44297353366702374,
    0.12652974212049095,
    0.11058099470188942,
    0.05688275954765132,
    0.03995476804222786,
    0.10375640042129852,
    0.6378237458013718,
    0.23106726843600178,
    0.04485036636060258,
    0.4995293332649222,
    0.02837091224349564,
    0.039766083493894655,
    0.22281470121330216,
    0.43178964238429707,
    0.2313930480195463,
    0.1233386715988587,
    0.01453949980241731,
    0.1928574662754574,
    0.097928748819049,
    0.5141287993877324,
    0.02072804142601825,
    0.17185078641563578,
    0.04692585615302214,
    0.028588351812610213,
    0.02552282443319598,
    0.07417464950129116,
    0.041869928456309324,
    0.010819290959181771,
    0.07835679023007991,
    0.16945756287687708,
    0.5549303900641558,
    0.020628968307187634,
    0.22372178182690483,
    0.44394431205132356,
    0.35600627229412574,
    0.013114350995715895,
    0.036059169018741954,
    0.11284263509359427,
    0.0383169091260509,
    0.028057492070457712,
    0.07223664086117942,
    0.023700463621050716,
    0.03066263494209842,
    0.03248183474022959,
    0.018240922205896126,
    0.20795107064588336,
    0.1460118662301717,
    0.15865829204569692,
    0.2863386260626921,
    0.06112719599516225,
    0.026296248406751488,
    0.005313344084758143,
    0.02217060261639503,
    0.047867312212298785,
    0.13687447198684666,
    0.07050206070843856,
    0.4172050368395066,
    0.33410321579240687,
    0.07595343606026361,
    0.12897185324989735,
    0.015903175188842766,
    0.07113817114961662,
    0.021438310338075084,
    0.05351391139325301,
    0.005588641429930874,
    0.002964821415895713,
    0.23013793839458963,
    0.011747370679019653,
    0.002411994568952025,
    0.009880159785121023,
    0.09003759294262537,
    0.012233362021735417,
    0.10215631519419865,
    0.2274808661430292,
    0.09697043717254061,
    0.061833491154365205,
    0.18427986584272738,
    0.16341491453687418,
    0.0878479413508888,
    0.0029940573407074567,
    0.14729942801771578,
    0.0052381575287459015,
    0.02189953533970268,
    0.001898940769336832,
    0.06626829662938327,
    0.01391712993549632,
    0.01069090473421852,
    0.062073549484249924,
    0.18450215787229496,
    0.0008793839946825699,
    0.05802598225449884,
    0.0595147272175538,
    0.2213959821295468,
    0.03983837566135762,
    0.4007821668357856,
    0.023748824262822765,
    0.27457098079291953,
    0.006009453032394418,
    0.004440233003885297,
    0.7900416063124958,
    0.12087551169839195,
    0.05190866242073966,
    0.5881625209442465,
    0.04844332006582519,
    0.09488340875788737,
    0.004823780895227614,
    0.027593095794241407,
    0.025928215369482643,
    0.17088741225251347,
    0.003432117495909104,
    0.007228362895810747,
    0.006132846355731303,
    0.20920343386441154,
    0.013944827078697486,
    0.010705629633541491,
    0.0034063116752300893,
    0.007918459218245744,
    0.007404398723538819,
    0.01993446351614736,
    0.30132077700856463,
    0.0005301000717867765,
    0.06077245672788045,
    0.10098414911849929,
    0.14122732316420894,
    0.06204183006444808,
    0.052317952848614624,
    0.006916041816363183,
    0.0025495372947563766,
    0.09488560564591175,
    0.08607496208804122,
    0.00010353448056044101,
    0.0002518305285583722,
    0.15425344157818444,
    0.006701484422726445,
    0.0003538042816808584,
    0.0034389876942260145,
    0.023738275931986408,
    0.3505784383297694,
    0.0025541774311026444,
    0.006136992564128363,
    0.15553697580299009,
    0.024862201374055815,
    0.009432217708923218,
    0.0025951931562708808,
    0.0014351900723594824,
    0.00024979217945464427,
    0.008981942152313849,
    0.010370452791745421,
    0.00023037800538716624,
    0.00019983374356336014,
    5.927117783954827e-05,
    0.012124810917503837,
    4.357620782258209e-05,
    0.005144352960632759,
    0.0022073434105553957,
    0.01032304630920855,
    0.029681943008993628,
    0.001086965345889368,
    0.02035635550425141,
    0.008260512307412426,
    1.7697371630376324e-05,
    0.0038639369457715844,
    0.007071940837615642,
    0.19394889698058293,
    0.02375316480602141,
    0.021211892104329166,
    0.07398874502067798,
    0.0037860506635070124,
    0.01714715497725905,
    0.03956208514622084,
    0.008929362052057854,
    0.16748286628040887,
    8.393991847643889e-05,
    2.7488666091812775e-05,
    0.13580088711251292,
    0.001520127184944542,
