{
  "iterations": 58,
  "deltas": [
    1,
    2.5848,
    1.226272,
    6.890801267838327,
    2.0428413952,
    2.3154339571199998,
    0.21462853120000003,
    0.6563840000000001,
    3.3888778683238403,
    0.45204572733439985,
    0.9045494920191999,
    1.089499937957477,
    0.8960000000000004,
    0.02968262206187111,
    0.7299770408960002,
    0.7441042769715205,
    0.7168000000000001,
    0.8919421353241601,
    0.4328263089990241,
    0.007586442555398865,
    1.3035083592947831,
    0.1300040242988647,
    0.5734399999999997,
    1.860792873796619,
    0.8257535999999996,
    0.15940011950080013,
    0.29360127999999985,
    0.3569410947299083,
    0.09568721023053728,
    4.946511810053643,
    1.066503623443218,
    0.38046792573056454,
    0.79553004755968,
    0.05942673156274658,
    0.00031557291363126794,
    0.4474162666728816,
    0.06426538826933914,
    4.925666754132928,
    0.46011436786371096,
    5.6438251709201026e-05,
    4.566441053666104e-05,
    0.2112380170979944,
    3.014596877504161e-05,
    0.025788889723005637,
    0.02538098904770436,
    0.020309933680852765,
    0.09941835648425723,
    6.669637859557653e-06,
    0.025220157913274477,
    0.07531685972101698,
    0.07953488876411363,
    0.8409269886451414,
    0.07709635855987251,
    0.751193357476148,
    1.2043079602452877e-06,
    0.01614090106449595,
    0.2867763400189882,
    0.0794892982247033,
    3.540505237875635e-07
  ],
  "rewards": [
    -15.0,
    -526.0,
    35.0,
    -1262.0,
    1.0,
    -31.0,
    46.0,
    37.0,
    -214.0,
    37.0,
    26.0,
    20.0,
    14.0,
    48.0,
    28.0,
    37.0,
    3.0,
    2.0,
    11.0,
    48.0,
    2.0,
    37.0,
    30.0,
    -13.0,
    30.0,
    40.0,
    32.0,
    30.0,
    39.0,
    -688.0,
    26.0,
    9.0,
    -14.0,
    46.0,
    48.0,
    23.0,
    44.0,
    -1231.0,
    11.0,
    48.0,
    48.0,
    -4.0,
    48.0,
    44.0,
    46.0,
    46.0,
    35.0,
    48.0,
    41.0,
    34.0,
    39.0,
    21.0,
    37.0,
    -18.0,
    48.0,
    41.0,
    0.0,
    8.0,
    48.0
  ]
}