{
  "iterations": 264,
  "deltas": [
    1,
    5.2672035192269595,
    4.774296060944282,
    4.456297152,
    4.096342008705324,
    6.273620733146593,
    3.9619001807539203,
    2.8351617082469596,
    3.8523011230130417,
    1.624198505472,
    2.56248,
    5.167704650352773,
    4.220080165756574,
    2.1620229165152196,
    1.011163912140061,
    1.2208038499813831,
    4.413768559407945,
    1.3504860938541041,
    1.1847999999999999,
    2.6917535165778785,
    1.3120681505046976,
    2.1159935999999995,
    2.3457253998748735,
    0.7073271311706906,
    2.18624,
    3.76953490944,
    0.696644390580917,
    2.5812509461616235,
    1.3483430252492798,
    0.7543454288461486,
    0.996643891887139,
    0.7111757855441407,
    0.9826164263767474,
    1.3472412800000004,
    1.4538086863411799,
    0.2446022409741886,
    0.45380781304725026,
    1.2047411424730594,
    0.8017617247952007,
    1.9124342407913657,
    1.5461766231158105,
    2.876594656452446,
    1.0826085560317074,
    1.2412711337532354,
    0.9317432098642655,
    0.617486424686188,
    1.1212051614902894,
    0.5972075295856971,
    0.7913595839481413,
    0.38037400328070703,
    0.3835311518097697,
    2.345070316201836,
    0.35330802837354724,
    0.10765066376590049,
    0.22415001167887993,
    1.086521398228717,
    0.2612528901764817,
    4.942207005358599,
    0.30237464839659545,
    0.46046094257088477,
    1.0025271893486565,
    0.6800416097029061,
    0.6384514912783299,
    0.1548248999294195,
    0.23362229876044793,
    1.8528684168248493,
    0.3570742488987424,
    1.5826910268243282,
    1.7822548052744756,
    0.1493119871351798,
    0.11005051421734002,
    0.213956053162633,
    0.14876412119967064,
    1.1436394046233236,
    0.22444711984665133,
    0.257979178902378,
    0.15157221705183233,
    0.19148558796308102,
    0.15264290176994777,
    0.35835200228061304,
    1.1128782984984351,
    1.4970882694580956,
    0.6751618219652655,
    1.384855943249919,
    0.5131622955625819,
    0.1371999350972697,
    0.0764271531030829,
    0.12201058870268078,
    0.12007626013242856,
    0.10584265310123264,
    0.156524006131745,
    0.14540334320481918,
    1.1717976079765737,
    0.3468644308044002,
    0.2944581930844157,
    0.4414633572927862,
    0.7241982367188715,
    0.14421007523809948,
    0.12953250033584318,
    0.1069462229197331,
    0.34503325948121777,
    0.027794797236488478,
    0.057152277446910205,
    0.21669704484484598,
    0.03637829377944968,
    0.04762486091710194,
    0.5988743403372219,
    0.048323719545200206,
    0.14306909454538008,
    0.5172284104050267,
    0.4198733872502949,
    0.05572411799274413,
    0.16890196699005777,
    0.3089355634039066,
    0.08284953135882489,
    0.02978824041868755,
    0.007718429423993811,
    0.11071911041184102,
    0.016002903954019487,
    0.043835033768912623,
    0.04610782653583456,
    0.032205576553446136,
    0.04306768086995483,
    0.23488102399999988,
    0.24596188715234124,
    0.3753745884517148,
    0.2407403012842657,
    0.008264141345021514,
    0.015360359556034986,
    0.08163525405642957,
    0.05361427152894649,
    0.14183609237479722,
    0.12386565695473628,
    0.006611313076017922,
    0.03198595190267817,
    1.046256860280013,
    0.008972137422698978,
    0.19859346757095775,
    0.1101511573686551,
    0.01420927310621245,
    0.23318818885647108,
    0.007616232663572475,
    0.02560413158597008,
    0.020511627085388895,
    0.8398554223632058,
    0.021028141253015775,
    0.013522500586811148,
    0.023222668829998128,
    0.009546136706658714,
    0.009976759418705683,
    0.018578347691059705,
    0.010551337293280838,
    0.00718046833366337,
    0.25196233064844975,
    0.004777816774195642,
    0.1587486385772383,
    0.0033906079022525404,
    0.004333470469459755,
    0.003004022356781988,
    0.0024034567787296623,
    0.0010532759242494194,
    0.16004210708018096,
    0.07163463490272548,
    0.004595645874784893,
    0.004728631880270839,
    0.0027753600876767592,
    0.0038252092414428063,
    0.0021700721378223875,
    0.009160240675097242,
    0.12025908428800047,
    0.0038513741283292546,
    0.00024305110447464529,
    0.13095823891051528,
    0.001298869612853304,
    0.02050434732256967,
    0.00551317636649884,
    0.09998191592882577,
    0.0024999417906617083,
    0.0013470417994980721,
    0.00017380468725924914,
    0.0004789482171458914,
    0.0015059132680779186,
    0.0001685373611035601,
    0.00022089218179566217,
    0.24404907163509648,
    0.674875628763064,
    0.004870284317988194,
    0.0009637846412626772,
    0.0013878498915804727,
    0.0003831585915703428,
    0.0008882239456760033,
    0.001109194275199954,
    0.0004222775030839898,
    0.043905174814273806,
    2.0968429654699516,
    0.0005517483752432994,
    0.0015972397562871166,
    0.0005679074689020069,
    0.0007932684292448755,
    1.1400893642488086e-05,
    0.004086659105908552,
    0.0003158129800588938,
    0.24340481730349772,
    0.01312653293897803,
    0.08660800165953297,
    0.000675674658518588,
    0.00012935699816019053,
    0.24554812335603682,
    0.024326712010083185,
    0.3652672501278822,
    0.12924017695541856,
    0.0005433430005412632,
    0.3290273260234624,
    0.06602763033298231,
    6.253830644098457e-05,
    0.0005043085276428272,
    1.7283947921775678e-06,
    0.0001491274284930455,
    0.048297061207903,
    0.0962072674304002,
    0.002872612310572009,
    0.09185907444733665,
    0.00024170654735655717,
    0.07442737944755073,
    3.148963812371619e-06,
    0.2368617121496639,
    0.0002041289938166102,
    1.4509331149769498,
    1.597183747037434e-06,
    8.208182826963117e-05,
    0.00021919397711100963,
    2.795105454822533e-05,
    0.023477329676154568,
    0.0001753551816887633,
    8.795893650592745e-05,
    0.00011691389440748878,
    9.904216023137735e-05,
    0.04135886475156347,
    1.6203260209887667,
    0.0008170986317299622,
    3.90645061099093e-05,
    0.01705518541676021,
    2.1517258789849336e-05,
    2.000102712607088e-05,
    6.715001982016133e-06,
    0.07825886007114757,
    0.7796991990890207,
    0.025220157913274477,
    0.3551022227145211,
    7.622325018985521e-05,
    7.950524294031425e-06,
    2.3057907451828896e-05,
    3.787171255353883e-05,
    0.01456920156897823,
    5.521897314508806e-06,
    5.088335583991466e-06,
    0.8096872758190887,
    2.2279691668458668e-05,
    0.04202859849111196,
    0.10932096276346925,
    0.0004183545195495242,
    4.8782880122111294e-05,
    0.01614090106449595,
    0.03797976620364185,
    1.925863299945263e-07
  ],