{
  "iterations": 28,
  "deltas": [
    1,
    3.5,
    3.0749999999999993,
    0.5762500000000003,
    0.7008437499999999,
    0.1646875000000001,
    3.5,
    0.048203125000000124,
    0.031132812500000107,
    2.196484375,
    2.5846621093750004,
    0.011298828124999938,
    2.59912451171875,
    0.0032641601562499734,
    1.4931593750000003,
    0.0017419433593748312,
    1.304554992675782,
    0.0004904174804687411,
    3.5,
    0.00013633728027340197,
    7.16018676758523e-05,
    0.6531249370574947,
    1.1017569541931147,
    2.004623413087714e-05,
    1.0237693786718793e-05,
    5.2261352538884864e-06,
    2.666711807153277e-06,
    0.6571665373444553,
    6.935000420593695e-07
  ],
  "rewards": [
    41.0,
    -28.0,
    -2.0,
    44.0,
    44.0,
    48.0,
    -823.0,
    48.0,
    48.0,
    39.0,
    41.0,
    48.0,
    41.0,
    48.0,
    28.0,
    48.0,
    41.0,
    48.0,
    37.0,
    48.0,
    48.0,
    39.0,
    39.0,
    48.0,
    48.0,
    48.0,
    48.0,
    41.0,
    48.0
  ]
}