{
  "iterations": 69,
  "deltas": [
    1,
    1.4000000000000001,
    1.4000000000000001,
    1.1632,
    0.29346047999999997,
    1.4000000000000001,
    1.1632,
    1.2125495295999997,
    2.586048,
    0.15236096,
    0.05832944844799992,
    1.0167499233689599,
    1.2257201446912,
    0.13491404799999995,
    0.307115098112,
    0.8558842468536159,
    0.11959877949592701,
    0.024499149539481957,
    1.2443200450723844,
    0.021974264747581795,
    2.016,
    3.5647600640000006,
    0.015414609326663387,
    0.7168000000000001,
    0.20653360965921674,
    0.16572494981736352,
    0.13289871959148458,
    0.43991236607999995,
    0.5734399999999997,
    1.8033781479505917,
    0.10669996864523923,
    1.7289482586393286,
    3.0593014371490197,
    0.002280329478931309,
    0.00184327834214848,
    0.4587519999999996,
    0.11310240813328165,
    0.0007725308108414985,
    0.000627760205282879,
    0.6959968436225736,
    0.29360127999999985,
    0.00033636704005757245,
    0.00027308131603343,
    0.00022165520001649064,
    0.23488102399999988,
    0.00014594271641366063,
    0.1879048191999999,
    0.15032385535999992,
    7.785871309740067e-05,
    6.31232484227251e-05,
    0.24376877430865918,
    4.1469314760123055e-05,
    0.2920262081740006,
    0.08799275592974332,
    2.2054383828296054e-05,
    1.7862732308193685e-05,
    1.4465566043009304e-05,
    0.12025908428800047,
    0.5571162062791251,
    7.729630592256953e-06,
    6.241173056587002e-06,
    5.038913311494753e-06,
    4.067910541971642e-06,
    3.283752348037794e-06,
    0.12114925248015918,
    2.120432808006001e-06,
    1.7151775515422685e-06,
    1.387207085423725e-06,
    1.121817703619854e-06,
    9.070957911472277e-07
  ],
  "rewards": [
    41.0,
    6.0,
    -39.0,
    29.0,
    42.0,
    -13.0,
    24.0,
    27.0,
    -863.0,
    46.0,
    48.0,
    39.0,
    13.0,
    46.0,
    40.0,
    41.0,
    46.0,
    48.0,
    4.0,
    48.0,
    34.0,
    -376.0,
    48.0,
    41.0,
    46.0,
    46.0,
    44.0,
    40.0,
    41.0,
    -34.0,
    46.0,
    10.0,
    -367.0,
    48.0,
    48.0,
    29.0,
    44.0,
    48.0,
    48.0,
    27.0,
    41.0,
    48.0,
    48.0,
    48.0,
    41.0,
    48.0,
    41.0,
    41.0,
    48.0,
    48.0,
    38.0,
    48.0,
    41.0,
    46.0,
    48.0,
    48.0,
    48.0,
    39.0,
    41.0,
    48.0,
    48.0,
    48.0,
    48.0,
    48.0,
    42.0,
    48.0,
    48.0,
    48.0,
    48.0,
    48.0
  ]
}