{
  "iterations": 492,
  "deltas": [
    1,
    1.2069459184,
    4.3067232,
    2.15841744,
    3.2831147765333917,
    1.2463720265632,
    2.562746038768343,
    4.280097352831503,
    0.9129875708843436,
    1.3359987381740162,
    1.394514564776526,
    2.5086873178707414,
    1.3972,
    1.3136900143163324,
    3.9121220329722393,
    1.385796383437789,
    1.2375489267818134,
    2.450590327158725,
    1.2483083979925897,
    0.8654404692877238,
    2.5156151932127644,
    0.31021084207691985,
    1.9734606596628907,
    1.2762540795736692,
    2.5630362688971053,
    1.261860411065527,
    1.1332199982502775,
    1.391725535646973,
    2.5675126417025913,
    0.2720696414387991,
    0.9401536235593921,
    3.177597644329328,
    1.3783406185133287,
    2.2879148996960312,
    1.133272718870641,
    1.2727719320679132,
    1.3906337704469331,
    0.7522245886567029,
    2.812784450353096,
    0.2651340999175109,
    0.3133986518991341,
    0.9968842091785515,
    4.247974116026681,
    0.28209930450309884,
    1.2650205345185128,
    0.30615854401596376,
    2.9774426464275194,
    1.1015700795744152,
    1.3868645045421273,
    1.8094648777179803,
    0.21581186264770658,
    0.1409150112630808,
    1.203637310556731,
    0.7181321287452036,
    1.625558161032374,
    1.7394227231114998,
    2.1841030437341225,
    1.2223339586408697,
    1.1264130500943832,
    1.2854526267203283,
    1.7454085961467642,
    1.8327528935544404,
    2.5107716447766055,
    0.9479682502489108,
    0.7462369778328366,
    0.1531675610301262,
    2.521371859070733,
    0.7440377600000001,
    0.2854084530672285,
    1.2107987367878552,
    1.0261637360461302,
    0.8375279550583699,
    0.6855633665040326,
    2.4335505142499283,
    1.0257812263869148,
    0.45165633941353445,
    0.37267675875170214,
    0.3613999323030397,
    0.3077117380221104,
    1.016602316678883,
    0.6036003791542228,
    3.489695379616613,
    0.8540289421306806,
    1.6254387382107218,
    0.2988309727648808,
    0.23278656652050866,
    0.9715285765438182,
    1.2570087137030441,
    1.8978941102531852,
    0.12108984082455887,
    2.526800057606791,
    0.49356251668141393,
    0.1970705758686453,
    0.8853882675090388,
    1.6690902532818885,
    1.1199999999999999,
    0.9521531536679255,
    0.4623380989166037,
    1.0083252155021025,
    0.7132896274171774,
    0.7085232930402992,
    1.307540923561982,
    0.3649373250177812,
    0.5844111639286087,
    1.1657654184451882,
    0.14687126434366693,
    1.1730124251601506,
    0.8544058583663308,
    0.34259188767741655,
    0.5086085477687377,
    4.179250898160453,
    0.6194573831259973,
    0.8245301201273971,
    1.007118525219024,
    1.097669157797212,
    1.023755194697344,
    0.11077400078200528,
    0.3336618737521322,
    0.4071587110245023,
    0.6368970036772499,
    1.3761221733987208,
    0.41032512044870373,
    0.9250782848240959,
    0.9828429241175769,
    0.14280756024058183,
    0.3407534707963684,
    0.8292872857129474,
    0.3365683012481586,
    0.052096849323168826,
    1.2535320619346173,
    1.9211371730657056,
    0.18538617052092476,
    0.5186966309563461,
    0.23297597560966743,
    0.7668156539781616,
    0.4996102956422934,
    0.3765535434877769,
    0.1295742957685011,
    1.3531336924858586,
    1.1423291963357105,
    0.6904534536176117,
    0.06995678164502284,
    0.8223056458537652,
    1.662009185021919,
    0.19293325071813383,
    0.016907245296454043,
    0.3368157706061119,
    0.46935061312782445,
    1.205878471074067,
    0.14252783958807047,
    0.5550809171690343,
    0.2903150766083389,
    0.5716589872103199,
    1.3869136800760007,
    0.2598488807555164,
    0.5705871209627382,
    0.24508519184110122,
    1.901238466357178,
    0.2579844221633163,
    0.3136942059021042,
    0.5789279122917499,
    0.34283447003912926,
    0.8691441460370051,
    0.2016586721192848,
    0.3242935990759861,
    0.1115389767690882,
    0.4710372815559243,
    0.08653152209749448,
    0.1422281155499867,
    0.04825464099544163,
    0.16688355727928084,
    0.3809696902326163,
    0.4302039219125513,
    0.38375539976538775,
    0.374184000505275,
    0.3087267480729228,
    0.21578207257355508,
    0.2314142834994577,
    0.26655904792530194,
    1.129902547255126,
    0.19433683348875697,
    0.3149960536718357,
    0.16817227751099928,
    0.689495118140373,
    0.13112017319462232,
    0.03950416323914574,
    0.4921026689748782,
    0.29248103789669955,
    1.3179789450285468,
    0.2579354227683126,
    0.06481197791410764,
    1.3888569481427107,
    0.09091237319327394,
    0.02490407576933773,
    0.31074933165010776,
    0.29827025855357103,
    0.16858721812480004,
    0.4013683527537264,
    0.24631068629996378,
    0.15144567256466068,
    0.26940905510449653,
    0.0713881363755835,
    0.026898419045064514,
    0.5294429527606077,
    0.03020302971222355,
    0.18414103980476781,
    0.2504191713368904,
    0.1161107807149726,
    0.3268167630181864,
    0.02169906198834326,
    0.28159105555146713,
    0.19416254134437594,
    0.10625862426708466,
    0.6124256787287479,
    0.012770973595176649,
    0.1306721082669462,
    0.24031255806566776,
    0.1486413395124373,
    0.008191091631644554,
    1.0543973117012446,
    0.009508290248713358,
    0.003319130912453616,
    0.05711053608729166,
    0.35966375729825195,
    0.17930096223080838,
    0.0035368953706402806,
    0.1116441556759149,
    0.2030323062179651,
    0.025868520274177964,
    0.020694816219348766,
    0.153445686679337,
    0.0052422998079197924,
    0.021237588922897288,
    0.10643459130194177,
    0.4467047769028216,
    0.25461937932725753,
    0.14875315102588083,
    0.07547045401727637,
    0.8435219227036104,
    0.1044665560922553,
    0.1635089808627015,
    0.4916129038092105,
    0.8883929814673932,
    1.1021877050784639,
    0.2725825721897195,
    0.13949261902314447,
    0.048531092747548854,
    0.3934662412047665,
    0.054684457686082766,
    0.1185847504198776,
    0.15544111034870944,
    0.21907920472954245,
    0.13184168015538056,
    0.16295652247177372,
    0.20771034303218983,
    0.02467219137977983,
    0.07639463781668177,
    0.19149119270175774,
    0.11900539669911936,
    0.09107187876926304,
    0.3169838237650833,
    0.12664372800834478,
    0.0012031403638834703,
    0.06299649525465512,
    0.06811813843492232,
    0.15421648182812575,
    0.00871488964397793,
    1.2950163795666612,
    0.1466222642614703,
    0.15248407359653093,
    0.19134869526037157,
    0.3155506043790677,
    0.12289410257293909,
    0.03105989935843212,
    0.6748197714685595,
    0.09884523400127243,
    0.15347060798776901,
    0.024847919486745695,
    0.12302650814126714,
    0.22450992620544596,
    0.019878335589396556,
    0.0009397666244339575,
    0.3577070657343393,
    0.1832645110382627,
    0.06168576190977859,
    0.11706927306775583,
    0.09913243421809881,
    0.09760064407322666,
    0.08269487393065678,
    0.1454076610280879,
    0.19594687313467896,
    0.09513045728808756,
    0.06127591242942998,
    0.09370140595962617,
    0.06490952439810549,
    0.05691254502554699,
    0.5151610097184918,
    0.0034423648901249493,
    0.22300464349522642,
    0.09187858156160811,
    0.23895872678048846,
    0.06976884028401376,
    0.00036033283181424736,
    0.034876486878691715,
    0.1557879222967813,
    0.11914727402052883,
    0.037285286836887366,
    0.1112533529228199,
    0.11600855596444504,
    0.039936042387382464,
    0.1303652485547513,
    0.039369234352648164,
    0.06519459798248617,
    0.0029228173947426495,
    0.3088936046006978,
    0.05215794559482134,
    0.044845288080857415,
    0.16742946930864022,
    0.0803494070425721,
    0.09317577424269174,
    0.14655062281401854,
    0.13350472655660095,
    0.10686098141314826,
    0.00022341271135495333,
    0.023171578897590805,
    0.030133227502453508,
    0.0025782015697630722,
