{
  "iterations": 215,
  "deltas": [
    1,
    3.538186141568,
    1.7062704000000002,
    4.015008975492864,
    2.4789750286082644,
    2.8746601122116218,
    3.6031719527953374,
    3.55924506268558,
    1.9140308291581896,
    3.3539572864715206,
    1.3438935812992001,
    2.013590859753418,
    2.3014318029553333,
    2.567754710325233,
    4.15852293334682,
    1.4719599335456683,
    2.1947231833051744,
    1.5387599206213567,
    3.5330362975464853,
    1.2715213796765132,
    3.3763375971013527,
    1.2662477980790836,
    1.370213912892063,
    1.0165449590934967,
    1.4914034809589376,
    2.2680521186960556,
    2.52,
    1.1161216936441853,
    2.2649607932991005,
    2.597662497406926,
    1.1692013856773347,
    0.9694264466301794,
    4.192389258654566,
    1.2147736778514062,
    0.9355418621279865,
    1.3273146391008837,
    2.4434793295036754,
    2.6533507870939026,
    1.0087120371860578,
    1.2077838369946523,
    2.5968761566409375,
    0.8316372534378971,
    0.6981246246359554,
    1.3417649901618662,
    1.0517590954626188,
    2.2279559540006435,
    2.2315885550967067,
    1.2298743094211488,
    1.0749831069126188,
    1.3469762109988528,
    0.8414348607753084,
    0.5714526300961662,
    1.1729400840967834,
    0.5160148058217047,
    2.881457739164752,
    0.8926671876477279,
    0.9047087279172903,
    0.9559637147468898,
    1.0428040088398376,
    1.9619241523140953,
    1.1179961475164486,
    1.372,
    2.30720316458852,
    0.95772707703183,
    0.7593169858466755,
    0.6748199921994544,
    1.105798533360998,
    0.8474855606285514,
    0.02553515920629046,
    0.7720536354601997,
    0.9383611266291947,
    0.5326178213534583,
    2.7307417833338743,
    0.8197046381650921,
    1.2116837864399983,
    1.6451000055432843,
    0.5583046107461485,
    0.7872378093400467,
    0.6517936278661534,
    1.433065298164534,
    0.28601377763946534,
    0.5645449100469868,
    0.5215101997644966,
    0.6841206045128416,
    1.3362447535550839,
    0.4672728243725892,
    0.09661448773044867,
    2.4980577903608943,
    0.9701852527552095,
    0.5534433629429643,
    0.5544985933801811,
    0.7178063411548994,
    0.7889121252815308,
    0.3636828531380054,
    0.6189164816784647,
    1.137497143964497,
    0.9443011485809052,
    0.5284823039999997,
    0.3947300253114925,
    1.7094592495481669,
    0.6937276431299537,
    0.36243857965466475,
    0.16702705979017196,
    0.6367879443340936,
    0.29185707906879266,
    0.14060708858911575,
    0.284339088436143,
    0.5111543199513271,
    0.2859143434822933,
    0.7510571488853,
    1.615636789795614,
    0.7369316334985481,
    0.10230864030153164,
    0.33589261873122034,
    0.45539930040535026,
    0.5256961157722841,
    0.33770614759781736,
    0.26704289085581046,
    1.6678371133015464,
    0.28974832370265524,
    0.4963057141963585,
    0.38131270612051793,
    0.22881103181632767,
    0.09966578126256564,
    0.12025249559653695,
    1.1978480764295085,
    0.3845419091914124,
    0.09562523778469734,
    0.3961214981704142,
    0.3356648567931346,
    0.08983779737600006,
    0.12218383335981642,
    0.2526499109013489,
    0.24517343424608562,
    0.14643906036310295,
    1.7645536720916777,
    0.42989335737875045,
    0.44432551786826835,
    0.2701701729089887,
    0.10932177091698314,
    0.21087224692290363,
    1.0740319616186316,
    0.30543854973904416,
    0.26759123653223504,
    1.0121934181671062,
    0.2021199781497689,
    0.1274930389089164,
    0.3554609605677559,
    0.07000373052651376,
    0.28244141446905147,
    0.27535589983773967,
    0.05787316601212389,
    0.06504593752064003,
    0.17172550422992927,
    0.0979124946533112,
    0.210652476940556,
    0.07216506439989345,
    0.093172276978569,
    0.15322260240267305,
    0.1290370877004534,
    0.23325257879492511,
    0.09375516388649396,
    0.13758420752698086,
    0.09034969801613979,
    1.0433448089600001,
    0.22136700933729436,
    0.17186040667936808,
    0.07227975841291201,
    1.1547836588113594,
    0.2443702877865146,
    0.7058724113872108,
    0.07833837019632917,
    1.190052584572931,
    0.6556848076209487,
    0.198255530808499,
    0.13748832534349376,
    0.19549635441564917,
    0.09806246575693223,
    0.03158302761676701,
    0.16852399542762342,
    0.07872092375980522,
    0.10999066027479465,
    0.04987931281496749,
    0.059391668268800046,
    0.12935678997201983,
    0.039904509701294444,
    0.06009501901845837,
    0.2843688836457279,
    1.1347392014889022,
    0.026904624055736903,
    1.2219206133526677,
    0.18660209948412465,
    0.05298454117303564,
    0.11336008525809227,
    1.2121717887515313,
    0.05768938019890868,
    0.04238763293852266,
    0.17290903200453123,
    0.11006905632893726,
    0.051756035629797026,
    0.3656073760571328,
    0.22749510698412756,
    0.0403212796600112,
    0.02344182725484245,
    0.19413969733698977,
    0.03846842006492501,
    0.040109734801365704,
    0.08839561514523098,
    0.013137391639481244,
    0.13832722560411703,
    0.029536962661843802,
    0.11942534378841785,
    0.09554027503115137,
    0.49655413625178824,
    0.017334536610984497,
    8.531948481049767e-08
  ],
  "rewards": [
    -2272.0,
    -1363.0,
    -58.0,
    -871.0,
    -784.0,
    -206.0,
    -903.0,
    -1316.0,
    -94.0,
    -266.0,
    -68.0,
    -529.0,
    -66.0,
    -371.0,
    -953.0,
    -54.0,
    -287.0,
    -129.0,
    -401.0,
    -62.0,
    -1064.0,
    -34.0,
    -143.0,
    -13.0,
    -43.0,
    -133.0,
    -33.0,
    -46.0,
    -502.0,
    -312.0,
    -12.0,
    -31.0,
    -683.0,
    11.0,
    -40.0,
    -133.0,
    -57.0,
    -819.0,
    14.0,
    -20.0,
    -605.0,
    -22.0,
    1.0,
    -109.0,
    3.0,
    -122.0,
    -38.0,
    12.0,
    -84.0,
    -376.0,
    9.0,
    10.0,
    -110.0,
    16.0,
    -827.0,
    14.0,
    -10.0,
    -10.0,
    -2.0,
    -234.0,
    -73.0,
    -23.0,
    -367.0,
    -5.0,
    -20.0,
    18.0,
    -56.0,
    -18.0,
    34.0,
    -34.0,
    -9.0,
    -13.0,
    -363.0,
    -3.0,
    -21.0,
    -439.0,
    -4.0,
    -8.0,
    18.0,
    -92.0,
    27.0,
    -16.0,
    5.0,
    10.0,
    -135.0,
    -7.0,
    30.0,
    -16.0,
    -120.0,
    9.0,
    14.0,
    -127.0,
    -19.0,
    20.0,
    -3.0,
    -42.0,
    6.0,
    -27.0,
    2.0,
    -80.0,
    13.0,
    5.0,
    18.0,
    -9.0,
    16.0,
    21.0,
    17.0,
    -29.0,
    13.0,
    -12.0,
    -75.0,
    -3.0,
    23.0,
    20.0,
    -19.0,
    23.0,
    18.0,
    20.0,
    -401.0,
    9.0,
    0.0,
    7.0,
    -3.0,
    30.0,
    25.0,
    -212.0,
    -12.0,
    28.0,
    7.0,
    11.0,
    30.0,
    6.0,
    9.0,
    4.0,
    23.0,
    -157.0,
    -26.0,
    23.0,
    -14.0,
    23.0,
    4.0,
    -13.0,
    -14.0,
    25.0,
    -74.0,
    20.0,
    -5.0,
    -12.0,
    12.0,
    -30.0,
    -21.0,
    32.0,
    11.0,
    3.0,
    21.0,
    13.0,
    17.0,
    18.0,
    -2.0,
    16.0,
    7.0,
    25.0,
    14.0,
    25.0,
    5.0,
    -3.0,
    -1.0,
    20.0,
    -43.0,
    18.0,
    -20.0,
    18.0,
    -40.0,
    13.0,
    4.0,
    25.0,
    12.0,
    3.0,
    28.0,
    7.0,
    -12.0,
    13.0,
    23.0,
    7.0,
    10.0,
    4.0,
    20.0,
    0.0,
    -12.0,
    32.0,
    4.0,
    12.0,
    16.0,
    7.0,
    -25.0,
    2.0,
    11.0,
    -31.0,
    25.0,
    28.0,
    -11.0,
    11.0,
    16.0,
    27.0,
    -23.0,
    20.0,
    20.0,
    11.0,
    28.0,
    -7.0,
    20.0,
    13.0,
    4.0,
    -12.0,
    25.0,
    34.0
  ]
}