{
  "iterations": 547,
  "deltas": [
    1,
    4.434398973596372,
    4.343963207898072,
    2.708696534153211,
    4.396838622361798,
    4.6999471065127745,
    3.394653686836728,
    3.745019996015839,
    2.541227440909582,
    2.075661612883149,
    3.4655725418178758,
    1.8527446343346137,
    4.938661885934259,
    2.9246315076955653,
    3.6913989878137734,
    2.1921939939660113,
    2.909657488486557,
    3.591170936931146,
    2.521790249306811,
    2.4137536288252193,
    1.8432917901317634,
    3.237439114245081,
    3.5550113558891,
    2.454678575501161,
    2.6222088932532586,
    4.48307434904442,
    1.383294630790047,
    1.4939751153898992,
    1.3852027598860772,
    4.0480499600252156,
    2.500352410547748,
    2.282054643313396,
    4.6705099695152885,
    2.516266103195184,
    1.5670657653137958,
    2.8756722021402013,
    2.365104830775268,
    2.7846586878475392,
    1.384690241673331,
    1.8167652817731268,
    3.1817388172192214,
    2.6749171018540654,
    1.378897003092547,
    2.4865930310261533,
    2.380932727206295,
    2.4458347465052093,
    2.4839530064749713,
    2.156818589313106,
    3.167875353957612,
    2.026046767074158,
    1.2811452967784014,
    1.3701122870374043,
    1.9327353615393186,
    2.0221161499546625,
    2.4991387925310242,
    1.6492826720478355,
    3.1581524436458004,
    1.7497826311075535,
    2.5131033023163845,
    3.234598032896642,
    2.175264151478874,
    1.9002479637304859,
    1.3534805937334902,
    1.659378644339153,
    1.7759042120076707,
    1.0771056655773137,
    1.9174564516613053,
    2.5850684377193396,
    0.9924159157622441,
    1.970980357973307,
    1.3154671221310146,
    1.8024523678931494,
    2.4025402222105434,
    2.494935577982419,
    2.6274111372081244,
    1.7468191832197704,
    2.3050408144067447,
    0.5345858659495519,
    2.4780501492435114,
    1.6902123122356336,
    3.342727669105898,
    3.3703246017384814,
    1.3280609965063626,
    2.4832106391562228,
    2.5359063869444967,
    3.529994307440372,
    1.3642599909653228,
    1.3889672071141774,
    2.107665814798409,
    2.5447107065627534,
    0.541988137786614,
    1.0219221051227656,
    1.3589857290778973,
    1.9625182960010932,
    1.3356512769818814,
    1.5172314511899785,
    2.052901518601015,
    1.3622933829144408,
    1.156069719653459,
    2.000664326740882,
    1.9990189599403152,
    2.4633511886162545,
    1.24436237673768,
    2.8052612374801917,
    3.314576486378826,
    1.3621280730874616,
    0.9123252684138592,
    1.1413606017399545,
    1.221315709005033,
    2.6680945150003055,
    2.119291793834428,
    1.0343068185578375,
    3.481998763436426,
    1.7155748194785199,
    1.3228752181042118,
    0.7811868982327503,
    2.0231491951705287,
    1.6059786623857413,
    0.9276174419211038,
    2.282134370993436,
    1.3597732925669668,
    0.598009743271195,
    0.7573192279113323,
    1.922618081876461,
    1.7315036926300706,
    0.7188414952674158,
    1.051173067624248,
    0.6162590413157467,
    1.1907066174193197,
    2.4832869504795703,
    2.523391867324907,
    0.5149974064404859,
    1.2385451377040404,
    1.3589441527424064,
    0.939569406753435,
    0.39817873974436324,
    2.345394639756094,
    0.8237027107505277,
    1.1721426226069944,
    0.552299720201507,
    0.5705492924574997,
    2.4793633254973066,
    1.0232671523876178,
    0.754110622699649,
    0.8235399726828376,
    1.067183450406727,
    0.9622024405183289,
    1.7855206859461,
    1.0536222590931175,
    0.32741879297248033,
    2.910518193808162,
    0.8515544043129957,
    1.5556538440632721,
    0.5228849424426976,
    2.0831726856107124,
    0.9443392312362491,
    0.540129472495952,
    0.70620226792159,
    1.6044512103958937,
    0.847209314031879,
    0.417337622144597,
    1.353505481292128,
    2.4561768303446385,
    1.106329168120503,
    2.3084939231341117,
    1.369726969927946,
    0.8894236585831674,
    0.30383683563506736,
    1.034561776447454,
    1.5952977934146304,
    2.171766847429147,
    0.4381741812293001,
    1.7555462591534052,
    0.9792979017161372,
    0.8125749656466752,
    0.8113052653402946,
    1.3562262644369198,
    0.6088723169510128,
    0.3252678386392791,
    0.18183738591555354,
    0.7564267960129385,
    1.09784615663078,
    0.5766264534608894,
    0.7067212656019191,
    0.6943568773967073,
    1.0214428381499552,
    0.9898074231953906,
    0.6097899396743678,
    0.24845839379033308,
    0.38763314686760353,
    1.1156043458770775,
    1.352671174962527,
    0.8171555907803842,
    0.2943237285672282,
    0.4277241067238151,
    1.3491621281007404,
    0.668732759874775,
    0.2602187231028825,
    0.5387105163702692,
    3.153406237256977,
    0.32696845316715795,
    0.4893079676970373,
    1.0001302358860933,
    1.2747072916901123,
    0.3464088758525108,
    2.204892920492309,
    1.348968273189321,
    1.0383379691352026,
    0.8232188877737734,
    1.2438130148315558,
    1.6389773065214897,
    0.3937185669358918,
    0.23415622350904286,
    0.6137479860465724,
    0.2515483916633521,
    1.1370099375722589,
    1.3553086360708626,
    0.5834909620729327,
    0.4218789040667623,
    0.23453675671429863,
    0.28080561337170273,
    0.6537260284596034,
    0.8812382724898953,
    0.18097353028048602,
    0.2905040179503864,
    1.1476465650625585,
    0.561479975911439,
    0.832909684697448,
    0.33993137475753343,
    0.36329477738780014,
    0.2662631022430304,
    1.164381829821167,
    0.31410366690820624,
    0.5043384568868365,
    0.33814390248584303,
    0.13840445387022626,
    0.995182301865011,
    0.7961556470438111,
    0.470881825212885,
    0.37722950368798536,
    2.1763059292050997,
    1.037473554994707,
    1.1130909282539125,
    0.29832910381718847,
    0.21893476031463877,
    1.6526647109734007,
    0.4491840107149301,
    1.0943206871371913,
    0.20464366339572138,
    0.22632175329874826,
    0.08613333695745506,
    0.2669882104601875,
    0.30716559003139565,
    2.441097726828243,
    0.24569795774882763,
    0.11500786001261076,
    0.26274557804914167,
    0.1701682715173689,
    0.4066313439341229,
    0.8906307685322226,
    0.2092951305816868,
    0.7665161041567465,
    0.24494809995131206,
    1.3514971772232514,
    0.17157766300485378,
    0.2845526689966782,
    0.8355247111520043,
    0.19464365563056774,
    2.4541337746382013,
    0.22385927355819746,
    0.1056308922562188,
    0.7030516768027208,
    0.522980900721242,
    0.9507805247719041,
    0.21652537826719964,
    0.4890471435335666,
    0.7126704788409697,
    0.18439824451920117,
    0.07953072591343613,
    0.9714800345655377,
    0.20395687868870027,
    0.29476939151867754,
    0.12931345320285814,
    0.7481725675037225,
    0.17119131933485932,
    0.10517124558063173,
    0.1521974358459346,
    0.1997525151860522,
    0.2185613684366139,
    0.13587730632245965,
    0.1751819410665867,
    0.5095706651021565,
    2.731882198472647,
    0.10600056966516291,
    0.8058637491385632,
    0.05512533567622491,
    0.2970878812836597,
    0.15757287388668928,
    0.17322071587679133,
    1.3309671730184043,
    0.08156303878417326,
    0.13414817613715968,
    0.08538345078965648,
    0.5489480324859075,
    0.9049335887783307,
    0.1884689707736591,
    1.3504042273685464,
    0.343479207265192,
    0.0922018371263249,
    0.22721339897201176,
    0.17110778309608676,
    0.10147895262576156,
    0.024182840290770002,
    0.20254570800839744,
    0.9320476664689323,
    2.1056699643866565,
    0.14718861863978283,
    0.3724968792297929,
    0.2980108235768242,
    0.19955033744528805,
    0.7952207849677855,
    0.31626755428719733,
    0.15259470484319593,
    0.43915899117881185,
    0.030253316067657465,
    0.02795651508388275,
    0.26776622137171735,
    0.47011711295052905,
    0.0911670451044877,
    0.0684310982548837,
    0.2376732736878555,
    0.10969027148093602,
    0.06840337288531373,
