{
  "iterations": 44,
  "deltas": [
    1,
    2.1,
    2.1,
    5.5567839,
    0.8874921000000002,
    0.6406925699999997,
    0.4906720290000006,
    0.12389159999999988,
    1.844075901,
    2.1,
    1.7244350372999997,
    3.2193,
    0.04969829472573006,
    0.03590995057129187,
    0.5042099999999996,
    0.01869459715794841,
    2.1,
    0.013470770492869377,
    1.2220413864222346,
    0.006977538974165309,
    0.35294700000000034,
    0.0036682879350451447,
    3.815644083,
    0.19776519332979037,
    0.785924511891728,
    0.0006567209797743168,
    0.0004705673416613987,
    0.00033700099823641416,
    0.22709597401756976,
    0.2832881828868512,
    1.4296925923541015,
    6.339479805883563e-05,
    0.2697944969999999,
    3.195803746480763e-05,
    2.3265212641510047e-05,
    1.6911859340495994e-05,
    1.2276648882147967e-05,
    0.13848686108619623,
    6.5954914882926374e-06,
    0.24706290000000042,
    3.379136905401481e-06,
    2.4169669603502086e-06,
    1.0008678210052189,
    1.2348535147754802e-06,
    8.820863568459458e-07
  ],
  "rewards": [
    41.0,
    8.0,
    39.0,
    -89.0,
    35.0,
    41.0,
    37.0,
    48.0,
    28.0,
    -306.0,
    41.0,
    14.0,
    48.0,
    48.0,
    34.0,
    48.0,
    11.0,
    48.0,
    41.0,
    48.0,
    39.0,
    48.0,
    -528.0,
    46.0,
    42.0,
    48.0,
    48.0,
    48.0,
    46.0,
    41.0,
    34.0,
    48.0,
    39.0,
    48.0,
    48.0,
    48.0,
    48.0,
    46.0,
    48.0,
    41.0,
    48.0,
    48.0,
    41.0,
    48.0,
    48.0
  ]
}