{
  "iterations": 87,
  "deltas": [
    50.0,
    45.0,
    40.5,
    32.076,
    25.98156,
    21.045063600000006,
    17.046501516000006,
    13.807666227959999,
    11.18420964464761,
    9.059209812164568,
    7.337959947853278,
    5.943747557761185,
    4.8144355217865495,
    3.899692772647086,
    3.1587511458441497,
    2.55858842813376,
    2.0724566267883517,
    1.67868986769858,
    1.3597387928358273,
    1.1013884221970045,
    0.8921246219795762,
    0.7226209438034914,
    0.5853229644808096,
    0.4741116012294526,
    0.38403039699582564,
    0.3110646215666577,
    0.25196234346898905,
    0.2040894982098962,
    0.16531249355000455,
    0.1339031197755105,
    0.10846152701813594,
    0.08785383688473303,
    0.0711616078766042,
    0.05764090238005792,
    0.046689130927859424,
    0.03781819605157466,
    0.03063273880172801,
    0.024812518429399688,
    0.020098139927853254,
    0.01627949334150003,
    0.013186389606659077,
    0.010680975581436769,
    0.008651590220921435,
    0.007007788078936983,
    0.00567630834396482,
    0.004597809758621452,
    0.0037242259044489856,
    0.0030166229825852042,
    0.0024434646159363638,
    0.001979206338859285,
    0.0016031571345251905,
    0.0012985572789432354,
    0.0010518313959835268,
    0.000851983430720793,
    0.0006901065789008953,
    0.0005589863289117147,
    0.0004527789263875093,
    0.00036675093036819817,
    0.000297068253615862,
    0.00024062528541435313,
    0.00019490648116970988,
    0.00015787424973723319,
    0.00012787814236503436,
    0.0001035812952636661,
    8.390084917664353e-05,
    6.795968781148076e-05,
    5.504734716055282e-05,
    4.458835118725801e-05,
    3.61165645017536e-05,
    2.9254417228230523e-05,
    2.369607793184514e-05,
    1.9193823163732304e-05,
    1.5546996735338325e-05,
    1.2593067339139452e-05,
    1.0200384565450804e-05,
    8.26231146788814e-06,
    6.692472311442543e-06,
    5.4209025677209866e-06,
    4.390931081843519e-06,
    3.5566541498610604e-06,
    2.880889894640859e-06,
    2.333520797037636e-06,
    1.8901518501479586e-06,
    1.5310229741771764e-06,
    1.2401286255681043e-06,
    1.0045041847206448e-06,
    8.136483984344522e-07
  ],
  "values": [
    -1.0,
    -1.9,
    38.6,
    70.676,
    96.65756,
    117.70262360000001,
    134.74912511600002,
    148.55679134396001,
    159.74100098860762,
    168.8002108007722,
    176.13817074862547,
    182.08191830638665,
    186.8963538281732,
    190.7960466008203,
    193.95479774666444,
    196.5133861747982,
    198.58584280158655,
    200.26453266928513,
    201.62427146212096,
    202.72565988431796,
    203.61778450629754,
    204.34040545010103,
    204.92572841458184,
    205.3998400158113,
    205.78387041280712,
    206.09493503437378,
    206.34689737784277,
    206.55098687605266,
    206.71629936960267,
    206.85020248937818,
    206.9586640163963,
    207.04651785328105,
    207.11767946115765,
    207.1753203635377,
    207.22200949446557,
    207.25982769051714,
    207.29046042931887,
    207.31527294774827,
    207.33537108767612,
    207.35165058101762,
    207.36483697062428,
    207.37551794620572,
    207.38416953642664,
    207.39117732450558,
    207.39685363284954,
    207.40145144260816,
    207.4051756685126,
    207.4081922914952,
    207.41063575611113,
    207.41261496245,
    207.41421811958452,
    207.41551667686346,
    207.41656850825945,
    207.41742049169017,
    207.41811059826907,
    207.41866958459798,
    207.41912236352437,
    207.41948911445473,
    207.41978618270835,
    207.42002680799376,
    207.42022171447493,
    207.42037958872467,
    207.42050746686704,
    207.4206110481623,
    207.42069494901148,
    207.4207629086993,
    207.42081795604645,
    207.42086254439764,
    207.42089866096214,
    207.42092791537937,
    207.4209516114573,
    207.42097080528046,
    207.4209863522772,
    207.42099894534454,
    207.4210091457291,
    207.42101740804057,
    207.42102410051288,
    207.42102952141545,
    207.42103391234653,
    207.42103746900068,
    207.42104034989057,
    207.42104268341137,
    207.42104457356322,
    207.4210461045862,
    207.42104734471482,
    207.421048349219,
    207.4210491628674
  ],
  "mean_values": [
    8.234050146814043,
    21.469341623929058,
    37.217401033146785,
    51.296225823511755,
    63.589863293968556,
    74.30810255084405,
    83.10617529860907,
    90.23261422429873,
    96.00502975410735,
    100.68068633325235,
    104.46796816235978,
    107.53566644393682,
    110.02050205201421,
    112.0332188945569,
    113.66351953701648,
    114.98406305740873,
    116.05370330892647,
    116.92011191265583,
    117.6219028816766,
    118.19035356658343,
    118.65079862135798,
    119.02375911572534,
    119.3258571161629,
    119.57055649651733,
    119.76876299460443,
    119.92931025805497,
    120.05935354144992,
    120.16468860099982,
    120.25000999923525,
    120.31912033180593,
    120.37509970118819,
    120.42044299038784,
    120.45717105463953,
    120.48692078668341,
    120.51101806963896,
    120.53053686883295,
    120.54634709618007,
    120.55915338033124,
    120.5695264704937,
    120.57792867352529,
    120.58473445798089,
    120.5902471433899,
    120.5947124185712,
    120.59832929146808,
    120.60125895851453,
    120.60363198882216,
    120.60555414337134,
    120.60711108855617,
    120.60837221415589,
    120.60939372589165,
    120.61022115039763,
    120.61089136424748,
    120.61143423746586,
    120.61187396477276,
    120.61223014389132,
    120.61251864897736,
    120.61275233809705,
    120.612941626284,
    120.61309494971542,
    120.61321914169486,
    120.61331973719824,
    120.61340121955597,
    120.61346722026572,
    120.61352068084062,
    120.61356398390629,
    120.6135990593895,
    120.61362747053089,
    120.61365048355542,
    120.61366912410529,
    120.61368422295068,
    120.61369645301546,
    120.61370635936792,
    120.6137143835134,
    120.61372088307124,
    120.6137261477131,
    120.613730412073,
    120.61373386620451,
    120.61373666405106,
    120.61373893030674,
    120.61374076597386,
    120.61374225286421,
    120.61374345724539,
    120.61374443279415,
    120.61374522298865,
    120.6137458630462,
    120.6137463814928,
    120.61374680143457
  ]
}