{
  "iterations": 90,
  "deltas": [
    45.998466875000005,
    38.21949448593752,
    31.74819116927345,
    27.09218150687135,
    22.273121547105013,
    18.243827607937078,
    14.933650145808556,
    12.22263950960874,
    10.003573547117185,
    8.187361525410125,
    6.700891130639121,
    5.484299026081004,
    4.488587400811838,
    3.673653958177937,
    3.006677200736732,
    2.4607945909066586,
    2.0140206661108095,
    1.648361573334114,
    1.3490903654384283,
    1.1041538722826658,
    0.9036872584000264,
    0.7396167160163714,
    0.6053342918426949,
    0.495431751264789,
    0.40548276129229066,
    0.33186461966857905,
    0.2716123502680432,
    0.222299288462267,
    0.18193934702179604,
    0.14890702630540886,
    0.12187194714107363,
    0.09974526970594866,
    0.08163584042196703,
    0.06681430067860106,
    0.05468371186108811,
    0.04475551360292229,
    0.036629846981952596,
    0.029979450170543487,
    0.024536477943030377,
    0.020081714188251,
    0.016435742965171585,
    0.013451722511575781,
    0.011009471181779418,
    0.009010627122279402,
    0.0073746867397517235,
    0.006035762413802104,
    0.004939928867742083,
    0.0040430513240039545,
    0.00330900797268896,
    0.0027082351635954183,
    0.002216536726848517,
    0.001814109471666825,
    0.001484745610241589,
    0.001215179988548698,
    0.0009945558312836056,
    0.000813987484093559,
    0.0006662025432433438,
    0.0005452489594119925,
    0.0004462553178825601,
    0.00036523464245874493,
    0.0002989238194004429,
    0.00024465217538249817,
    0.00020023391587642436,
    0.00016388009237289225,
    0.0001341265515861778,
    0.00010977496776831686,
    8.984457886640485e-05,
    7.353268705401206e-05,
    6.018232966198411e-05,
    4.925582004489115e-05,
    4.031309239849179e-05,
    3.2993977328033e-05,
    2.7003697397276483e-05,
    2.2100993191997986e-05,
    1.808840815442636e-05,
    1.4804335194185114e-05,
    1.2116507861037462e-05,
    9.916673803900267e-06,
    8.116234539556899e-06,
    6.642677107038253e-06,
    5.436654134882701e-06,
    4.449592694300009e-06,
    3.641739112936193e-06,
    2.9805566725826793e-06,
    2.4394164199748047e-06,
    1.996523820935181e-06,
    1.6340414106252865e-06,
    1.3373701506225188e-06,
    1.0945615258606267e-06,
    8.95836478775891e-07
  ],
  "values": [
    -1.3,
    -2.3667587500000002,
    29.38143241927345,
    56.4736139261448,
    78.74673547324981,
    96.99056308118689,
    111.92421322699545,
    124.14685273660419,
    134.15042628372137,
    142.3377878091315,
    149.03867893977062,
    154.52297796585162,
    159.01156536666346,
    162.6852193248414,
    165.69189652557813,
    168.1526911164848,
    170.1667117825956,
    171.8150733559297,
    173.16416372136814,
    174.2683175936508,
    175.17200485205083,
    175.9116215680672,
    176.5169558599099,
    177.0123876111747,
    177.41787037246698,
    177.74973499213556,
    178.0213473424036,
    178.24364663086587,
    178.42558597788766,
    178.57449300419307,
    178.69636495133415,
    178.7961102210401,
    178.87774606146206,
    178.94456036214066,
    178.99924407400175,
    179.04399958760467,
    179.08062943458663,
    179.11060888475717,
    179.1351453627002,
    179.15522707688845,
    179.17166281985362,
    179.1851145423652,
    179.19612401354698,
    179.20513464066926,
    179.212509327409,
    179.2185450898228,
    179.22348501869055,
    179.22752807001456,
    179.23083707798725,
    179.23354531315084,
    179.2357618498777,
    179.23757595934936,
    179.2390607049596,
    179.24027588494815,
    179.24127044077943,
    179.24208442826352,
    179.24275063080677,
    179.24329587976618,
    179.24374213508406,
    179.24410736972652,
    179.24440629354592,
    179.2446509457213,
    179.24485117963718,
    179.24501505972955,
    179.24514918628114,
    179.2452589612489,
    179.24534880582777,
    179.24542233851483,
    179.2454825208445,
    179.24553177666454,
    179.24557208975693,
    179.24560508373426,
    179.24563208743166,
    179.24565418842485,
    179.245672276833,
    179.2456870811682,
    179.24569919767606,
    179.24570911434986,
    179.2457172305844,
    179.2457238732615,
    179.24572930991565,
    179.24573375950834,
    179.24573740124745,
    179.24574038180413,
    179.24574282122055,
    179.24574481774437,
    179.24574645178578,
    179.24574778915593,
    179.24574888371745,
    179.24574977955393
  ],
  "mean_values": [
    4.601963044067515,
    13.450805225768697,
    25.116048840678502,
    36.18295878962403,
    46.092751077813745,
    54.83078550947641,
    62.366444553821836,
    68.69058534202296,
    73.91695454540506,
    78.20842704213135,
    81.72426411366426,
    84.6026010271211,
    86.95854304521701,
    88.88678835691154,
    90.46495609673907,
    91.75659848103774,
    92.81373476957238,
    93.67894086696211,
    94.38706294887423,
    94.96662067284278,
    95.44095576709161,
    95.82917211240276,
    96.14690515086785,
    96.40695160421433,
    96.61978486267664,
    96.79397680155793,
    96.93654301414347,
    97.05322536524149,
    97.14872324521485,
    97.22688283827752,
    97.29085202784928,
    97.3432071777947,
    97.38605689566916,
    97.42112695704483,
    97.4498298112503,
    97.47332146787197,
    97.49254805512636,
    97.50828392524416,
    97.52116284156395,
    97.53170350339774,
    97.54033043668433,
    97.54739109180301,
    97.5531698371635,
    97.55789941216467,
    97.56177030079124,
    97.56493840337038,
    97.56753131546891,
    97.5696534668143,
    97.57139032720973,
    97.5728118488367,
    97.5739752835844,
    97.57492748887381,
    97.57570681484366,
    97.57634464890538,
    97.57686667987316,
    97.57729393258309,
    97.57764361466975,
    97.57792980960521,
    97.57816404391174,
    97.5783557513935,
    97.5785126530835,
    97.578641068209,
    97.57874616869871,
    97.57883218748267,
    97.57890258897382,
    97.57896020859741,
    97.57900736698808,
    97.57904596345354,
    97.57907755246926,
    97.57910340628523,
    97.57912456616583,
    97.57914188432677,
    97.5791560582583,
    97.57916765881656,
    97.57917715321491,
    97.57918492384093,
    97.57919128365715,
    97.57919648880569,
    97.57920074892424,
    97.5792042355894,
    97.57920708922691,
    97.5792094247672,
    97.57921133627433,
    97.57921290073438,
    97.57921418115615,
    97.57921522910864,
    97.57921608679827,
    97.57921678876852,
    97.57921736329135,
    97.57921783350565
  ]
}