{
  "iterations": 185,
  "deltas": [
    81.43338912852356,
    46.182851580177925,
    40.49465691863505,
    35.501919378246605,
    31.857397731555828,
    30.076212569278113,
    28.329218884212068,
    26.759700359567546,
    25.371395738554007,
    24.03985564995027,
    22.762098142670965,
    21.535456008406122,
    20.357746282737587,
    19.260578233297956,
    17.98185303185239,
    16.420809368382244,
    14.90750917317871,
    13.511668243178875,
    12.241079508873767,
    11.088708559308017,
    10.044549631864072,
    9.098658508852992,
    8.241831224652941,
    7.465690115214443,
    6.762638628072267,
    6.125794144751126,
    5.548921937638852,
    5.026374365968934,
    4.5530356255473805,
    4.124271671376505,
    3.7358848509435916,
    3.3840728088719345,
    3.0653912614177443,
    2.7767202765085983,
    2.5152337292200286,
    2.2783716336601287,
    2.063815080388963,
    1.8694635340057175,
    1.6934142686458813,
    1.5339437400572535,
    1.3894907118872197,
    1.2586409709845157,
    1.1401134820750372,
    1.0327478462681654,
    0.9354929406065082,
    0.8473966274412135,
    0.7675964328850569,
    0.6953111030861976,
    0.6298329556561555,
    0.5705209513695024,
    0.5167944183110933,
    0.46812736702582924,
    0.42404334101490804,
    0.3841107521684535,
    0.3479386554648727,
    0.31517292156814847,
    0.28549276985930305,
    0.25860762795366554,
    0.23425428696057793,
    0.21219432463641397,
    0.192211771199851,
    0.17411099496234783,
    0.15771478706818698,
    0.14286262659820181,
    0.1294091090502434,
    0.11722252281046508,
    0.10618355968071569,
    0.0961841468357818,
    0.0871263887775342,
    0.07892160892561151,
    0.07148948146249268,
    0.06475724493407142,
    0.0586589899052683,
    0.05313501369917617,
    0.04813123590085411,
    0.04359866890112585,
    0.03949293830467582,
    0.03577384849685927,
    0.032404989124898975,
    0.029353378635732952,
    0.02658914138231694,
    0.02408521513726214,
    0.021817086150662135,
    0.01976254915695108,
    0.017901489982733665,
    0.016215688626800784,
    0.0146886408840885,
    0.01330539676618514,
    0.012052414141294321,
    0.010917426153184806,
    0.009889321127815265,
    0.008958033789156161,
    0.008114446717740975,
    0.007350301091236133,
    0.006658115828628297,
    0.006031114349923428,
    0.0054631582323168,
    0.004948687114818995,
    0.004482664261189484,
    0.00406052724937922,
    0.003678143305279491,
    0.003331768842826932,
    0.003018012812674442,
    0.0027338035039292663,
    0.0024763584723643817,
    0.0022431572989489723,
    0.002031916915171905,
    0.0018405692510157223,
    0.0016672409894624707,
    0.001510235224969847,
    0.0013680148514652046,
    0.0012391875141304354,
    0.001122491976815354,
    0.001016785775846074,
    0.0009210340344907308,
    0.0008342993310463953,
    0.0007557325221796418,
    0.0006845644287807318,
    0.000620098306512773,
    0.0005617030239477572,
    0.0005088068839711468,
    0.0004608920268651673,
    0.00041748936016006155,
    0.0003781739663111239,
    0.00034256094264151216,
    0.0003103016333909636,
    0.00028108021578532316,
    0.0002546106085787869,
    0.00023063367098075105,
    0.00020891466567718453,
    0.00018924096093542175,
    0.00017141994905500724,
    0.00015527715956409338,
    0.00014065455303580165,
    0.00012740897184926325,
    0.00011541074067622503,
    0.00010454239475166105,
    9.469753217672405e-05,
    8.577977007462323e-05,
    7.770180272359539e-05,
    7.038454558028207e-05,
    6.375636203870272e-05,
    5.7752361158236454e-05,
    5.231376306369384e-05,
    4.7387323292014116e-05,
    4.292481122547542e-05,
    3.888253863237878e-05,
    3.522093058450082e-05,
    3.190414011555731e-05,
    2.8899695024620087e-05,
    2.617818171302133e-05,
    2.3712956050303546e-05,
    2.1479882860830912e-05,
    1.945710081940888e-05,
    1.7624805934701726e-05,
    1.5965060157441258e-05,
    1.446161437002047e-05,
    1.3099749537559546e-05,
    1.1866133036164683e-05,
    1.0748687259365397e-05,
    9.736472549093378e-06,
    8.819579107921527e-06,
    7.989030422095311e-06,
    7.236695495294043e-06,
    6.5552085004583205e-06,
    5.937897896046707e-06,
    5.378720061344211e-06,
    4.872200605632315e-06,
    4.413380565893021e-06,
    3.99776808990282e-06,
    3.6212941836311074e-06,
    3.280273261907496e-06,
    2.9713665981034865e-06,
    2.6915500654922653e-06,
    2.438084123923545e-06,
    2.208487302368667e-06,
    2.00051172782878e-06,
    1.8121213543054182e-06,
    1.6414722381341562e-06,
    1.4868932112221955e-06,
    1.3468709312292049e-06,
    1.2200347043744841e-06,
    1.1051428714381473e-06,
    1.0010703874741012e-06,
    9.067986184163601e-07
  ],