{
  "iterations": 105,
  "deltas": [
    28.07197674769759,
    15.053945271522327,
    13.158946614316445,
    11.03300433054201,
    9.247203749999201,
    7.773799502026868,
    6.548062272046032,
    5.521706269091673,
    4.659096611668431,
    3.967373686885523,
    3.4859463240850523,
    3.0438752554665562,
    2.6414310352307186,
    2.3525546441484666,
    2.0693138740122823,
    1.798213014822803,
    1.5495632845437175,
    1.3274902799997523,
    1.1494443642403818,
    1.0073763088953833,
    0.8747216891604102,
    0.7542923115271529,
    0.6470724212558379,
    0.552930406449633,
    0.4711006755927749,
    0.4004977012201274,
    0.33991323591472433,
    0.2881359176489733,
    0.24401869878021998,
    0.2065127427072655,
    0.17468072861297212,
    0.1505518001717423,
    0.13257627634773428,
    0.11553971387058404,
    0.09993570298592047,
    0.08641618910072602,
    0.07472961849616588,
    0.06462817262499243,
    0.05671918442728341,
    0.04933753280461062,
    0.04302837215372435,
    0.0373199149957717,
    0.03217634910192402,
    0.027615051357313902,
    0.023616777253572252,
    0.02014212597145537,
    0.017142108052619065,
    0.014565018594597134,
    0.012359582035447403,
    0.01047762559982246,
    0.008875282465176326,
    0.007513381109315986,
    0.0063574140860893635,
    0.005377282836370512,
    0.004546928960325047,
    0.003843918920356515,
    0.003249022973392357,
    0.0027458121756254172,
    0.0023202862566424898,
    0.0019605381100920027,
    0.0016564562970131647,
    0.0013994643962238484,
    0.0011822946379993482,
    0.0009987925962082755,
    0.0008437495078190693,
    0.0007127588505948523,
    0.0006020940201256764,
    0.0005086042309816463,
    0.0004296260759932835,
    0.0003629084861067611,
    0.0003065491238185558,
    0.0002589405099229225,
    0.00021872442121839697,
    0.0001847533072147911,
    0.00015605765707249475,
    0.00013181840674825196,
    0.00011134361290032757,
    9.404873699381255e-05,
    7.943998298287624e-05,
    6.710021707512226e-05,
    5.667707038981007e-05,
    4.7872886606015186e-05,
    4.0436229044260585e-05,
    3.415470542833532e-05,
    2.88489060906727e-05,
    2.436728304289204e-05,
    2.0581823825693846e-05,
    1.7384397002828678e-05,
    1.468366492751727e-05,
    1.2402475862316464e-05,
    1.0475661001763115e-05,
    8.84817347923672e-06,
    7.473516488332166e-06,
    6.312415312237363e-06,
    5.331695721366714e-06,
    4.5033364557411915e-06,
    3.8036688891907033e-06,
    3.212700971033655e-06,
    2.713546180643789e-06,
    2.291941150645016e-06,
    1.9358382079559533e-06,
    1.6350612401794251e-06,
    1.3810149415149908e-06,
    1.166439282940246e-06,
    9.852020816936147e-07
  ],
  "values": [
    -3.25,
    -5.9587890625,
    -8.300121154785156,
    -10.218797077298165,
    -11.872802499312964,
    -13.282291296871946,
    -14.516319367010478,
    -15.603191020414396,
    -16.549759897762755,
    -17.37204839003764,
    -18.087442211757068,
    -18.711752879530394,
    -19.258319855055518,
    -19.738187105592132,
    -20.160548310941692,
    -20.53220755391182,
    -20.858242632651013,
    -21.142744495486973,
    -21.389361372502503,
    -21.60163972640448,
    -21.783138401624356,
    -21.937393179527994,
    -22.067823588977653,
    -22.177641014316627,
    -22.26978338176542,
    -22.346880901505806,
    -22.411247939418683,
    -22.46489343882036,
    -22.50954280454944,
    -22.546665724679407,
    -22.577506061652993,
    -22.60311132803403,
    -22.62436029277452,
    -22.64198797717232,
    -22.656607764577306,
    -22.668730633009517,
    -22.678781681884516,
    -22.68711420539035,
    -22.694021595250348,
    -22.699747352865458,
    -22.70449347687454,
    -22.708427465309633,
    -22.711688146437588,
    -22.714390534226453,
    -22.716629879495198,
    -22.71848505550055,
    -22.720021385987565,
    -22.721293000856758,
    -22.722344789927472,
    -22.72321401601164,
    -22.723931641710855,
    -22.724523418199105,
    -22.72501075648249,
    -22.725410787731263,
    -22.725737101691692,
    -22.72600079390745,
    -22.72621130002685,
    -22.72637688469623,
    -22.72650487163796,
    -22.72660173681386,
    -22.72667315090373,
    -22.72672401570158,
    -22.726758510974697,
    -22.72678015378903,
    -22.726791866507657,
    -22.726796048422756,
    -22.726794646665667,
    -22.72678922329016,
    -22.726781016635485,
    -22.726770996038695,
    -22.726759909651584,
    -22.726748325564948,
    -22.726736666709314,
    -22.726725240139192,
    -22.72671426135966,
    -22.726703874350882,
    -22.726694167910388,
    -22.726685188879358,
    -22.72667695275772,
    -22.726669452150208,
    -22.726662663424822,
    -22.726656551909144,
    -22.72665107589942,
    -22.726646189712568,
    -22.726641845972438,
    -22.72663799728814,
    -22.726634597453828,
    -22.726631602275273,
    -22.726628970108468,
    -22.726626662178724,
    -22.726624642735004,
    -22.72662287908283,
    -22.726621341529757,
    -22.72662000327013,
    -22.72661884022946,
    -22.726617830884216,
    -22.726616956068657,
    -22.726616198777524,
    -22.726615543970784,
    -22.726614978384884,
    -22.726614490353505,
    -22.726614069639588,
    -22.72661370727976,
    -22.726613395441472,
    -22.72661312729287
  ],
  "mean_values": [
    -2.2360692893919882,
    -3.8674642042537024,
    -5.208005236261027,
    -6.235893513120098,
    -6.985857136256906,
    -7.499434189211452,
    -7.807059550807311,
    -7.958561575231056,
    -7.995130659639635,
    -7.95300343320198,
    -7.858437107141587,
    -7.731033414667792,
    -7.585580186096437,
    -7.433001216350816,
    -7.281384465753533,
    -7.136141321245552,
    -7.000606115771435,
    -6.876335931886012,
    -6.761446324674548,
    -6.657545290493467,
    -6.564887889177638,
    -6.483057488438011,
    -6.410273696753853,
    -6.344699287902042,
    -6.285856325164534,
    -6.233274042805937,
    -6.1858676404071975,
    -6.14215670043079,
    -6.101496333008305,
    -6.063858436582933,
    -6.029314834782374,
    -5.9979278542495695,
    -5.969703458024966,
    -5.9445805570804415,
    -5.92242261053728,
    -5.90303023478211,
    -5.886164711293363,
    -5.871570551148745,
    -5.858992497305007,
    -5.848186671604458,
    -5.838927038307801,
    -5.83100853443523,
    -5.824247988497101,
    -5.818483656219107,
    -5.813573723111881,
    -5.80938802865165,
    -5.805822412855134,
    -5.802785407073162,
    -5.800198758599958,
    -5.797995764903397,
    -5.7961195216695405,
    -5.794521500776949,
    -5.793160357948486,
    -5.792000896519017,
    -5.791013167597662,
    -5.790171692502032,
    -5.78945479446927,
    -5.788844027362564,
    -5.788323689409495,
    -5.787880410474062,
    -5.787502802217506,
    -5.787181161649816,
    -5.786907219826812,
    -5.786673928660607,
    -5.78647527990535,
    -5.7863061513274445,
    -5.786162175871576,
    -5.786039630305279,
    -5.785935340384275,
    -5.785846600046665,
    -5.785771102532375,
    -5.785706881648883,
    -5.785652261676179,
    -5.7856058146323734,
    -5.785566323813901,
    -5.785532752686677,
    -5.78550421834205,
    -5.785479968847861,
    -5.7854593639237875,
    -5.785441858454117,
    -5.785426988422621,
    -5.785414358915006,
    -5.78540363388633,
    -5.785394527434961,
    -5.785386796362415,
    -5.7853802338306455,
    -5.7853746639558015,
    -5.78536993720103,
    -5.785365926450945,
    -5.78536252366751,
    -5.785359637041779,
    -5.785357188568411,
    -5.785355111980624,
    -5.785353350992334,
    -5.78535185780209,
    -5.785350591820043,
    -5.785349518584901,
    -5.785348608842697,
    -5.785347837763325,
    -5.785347184274363,
    -5.785346630494737,
    -5.785346161253325,
    -5.785345763679848,
    -5.785345426857238,
    -5.785345141526309
  ]
}