{
  "iterations": 96,
  "deltas": [
    77.65565070026156,
    38.204624677934675,
    31.728165464291408,
    27.14030484528202,
    24.171435472046362,
    21.515518236118645,
    19.067627539100478,
    16.83296909984115,
    14.959522332194798,
    13.412453607651106,
    12.005948475460086,
    10.729140100217048,
    9.572076961029644,
    8.525515309052654,
    7.580790132771261,
    6.729738324935048,
    5.993825815067007,
    5.377030608095919,
    4.8188335625603305,
    4.314116587550281,
    3.6947787692604876,
    3.0683692052652347,
    2.5192841298104867,
    2.0604506302917294,
    1.6831250147867678,
    1.3744024320986234,
    1.1221935058726409,
    0.9162414762630355,
    0.7480819276531925,
    0.6107839838758835,
    0.4986845804710214,
    0.4071591486410462,
    0.3324317116372342,
    0.2714192784771292,
    0.22160468471656003,
    0.18093274933119474,
    0.1477254861317192,
    0.1206128759622942,
    0.09847634439254804,
    0.08040261313351849,
    0.06564602127109254,
    0.05359776182361742,
    0.043760764428348864,
    0.03572918790252899,
    0.02917167661150799,
    0.023817689857590807,
    0.019446340287760933,
    0.01587728082987283,
    0.012963264183397882,
    0.010584067894807703,
    0.008641534386484295,
    0.00705552130760978,
    0.005760595132269231,
    0.00470333159396219,
    0.003840111581304484,
    0.0031353215614089436,
    0.0025598842859864135,
    0.0020900591627395215,
    0.0017064627990173165,
    0.0013932693085010328,
    0.0011375573889651491,
    0.000928777233010436,
    0.0007583152788015468,
    0.000619138843646283,
    0.0005055059794223382,
    0.00041272857913199346,
    0.0003369789616343155,
    0.0002751319542859676,
    0.00022463595921351498,
    0.00018340768270164176,
    0.00014974618572338727,
    0.00012226270901294356,
    9.98233774183177e-05,
    8.150242016213838e-05,
    6.654397659744404e-05,
    5.433091204665175e-05,
    4.4359356873968636e-05,
    3.621791843144706e-05,
    2.957070863374156e-05,
    2.4143486005101522e-05,
    1.971234186370907e-05,
    1.609446214700938e-05,
    1.3140585412685368e-05,
    1.0728844682006411e-05,
    8.759739742458805e-06,
    7.152031997748054e-06,
    5.839392848372427e-06,
    4.767667288518851e-06,
    3.892639501401618e-06,
    3.1782088321108404e-06,
    2.5949003052971875e-06,
    2.1186485490432005e-06,
    1.7298050707381663e-06,
    1.4123274887367643e-06,
    1.1531177257495528e-06,
    9.414817583319746e-07
  ],
  "values": [
    -1.3,
    -2.4950087499999998,
    -3.569527997851563,
    -4.5342664963821395,
    -5.400324499243032,
    -6.177784714276746,
    -6.875709528380595,
    -7.502235404942928,
    -8.064666565196248,
    -8.569560011164608,
    -9.022801953750244,
    -9.433657651195167,
    -9.802889531575262,
    -10.119510767924128,
    -10.391290868795323,
    -10.638267287199081,
    -8.347488310044668,
    -4.159976931587778,
    0.5037265102804585,
    4.817843097830739,
    8.512621867091227,
    11.580991072356461,
    14.100275202166948,
    16.160725832458677,
    17.843850847245445,
    19.21825327934407,
    20.34044678521671,
    21.256688261479745,
    22.004770189132937,
    22.61555417300882,
    23.114238753479842,
    23.52139790212089,
    23.853829613758123,
    24.125248892235252,
    24.346853576951812,
    24.527786326283007,
    24.675511812414726,
    24.79612468837702,
    24.894601032769568,
    24.975003645903087,
    25.04064966717418,
    25.094247428997797,
    25.138008193426145,
    25.173737381328674,
    25.202909057940182,
    25.226726747797773,
    25.246173088085534,
    25.262050368915407,
    25.275013633098805,
    25.285597700993613,
    25.294239235380097,
    25.301294756687707,
    25.307055351819976,
    25.311758683413938,
    25.315598794995243,
    25.31873411655665,
    25.321294000842638,
    25.323384060005377,
    25.325090522804395,
    25.326483792112896,
    25.32762134950186,
    25.32855012673487,
    25.329308442013673,
    25.32992758085732,
    25.33043308683674,
    25.330845815415874,
    25.331182794377508,
    25.331457926331794,
    25.331682562291007,
    25.33186596997371,
    25.332015716159432,
    25.332137978868445,
    25.332237802245864,
    25.332319304666026,
    25.332385848642623,
    25.33244017955467,
    25.332484538911544,
    25.332520756829975,
    25.33255032753861,
    25.332574471024614,
    25.332594183366478,
    25.332610277828625,
    25.332623418414038,
    25.33263414725872,
    25.332642906998462,
    25.33265005903046,
    25.332655898423308,
    25.332660666090597,
    25.332664558730098,
    25.33266773693893,
    25.332670331839235,
    25.332672450487784,
    25.332674180292855,
    25.332675592620344,
    25.33267674573807,
    25.332677687219828
  ],
  "mean_values": [
    2.4204276381364904,
    4.151799957632823,
    6.478192475548239,
    9.334840420428744,
    12.551393520418491,
    15.820834750103575,
    19.015284053621404,
    22.086597056790662,
    25.116915886943822,
    28.470898941956555,
    31.99770931731716,
    35.382687860541964,
    38.47625553107462,
    41.198263942004054,
    43.550349797982925,
    45.57050923326734,
    47.35053002058369,
    48.92975901421876,
    50.286756276514176,
    51.42419148442165,
    52.36380745715053,
    53.134557207431136,
    53.764914702191554,
    54.27987361295482,
    54.700395808689386,
    55.04375646302639,
    55.32410316136642,
    55.55299774878404,
    55.73988266692645,
    55.892467942082305,
    56.01704868084922,
    56.118764653170764,
    56.2018123135743,
    56.269617926779816,
    56.32497892257776,
    56.37017930806648,
    56.4070838980002,
    56.43721525071848,
    56.46181648374294,
    56.48190256059392,
    56.498302164746384,
    56.511691888302295,
    56.52262414588832,
    56.53154996541165,
    56.538837595943235,
    56.544787700426745,
    56.549645760012965,
    56.55361220178027,
    56.55685066767683,
    56.559494765832916,
    56.56165358277969,
    56.563416183989844,
    56.56485528841723,
    56.566030268634535,
    56.56698960034444,
    56.56777286232288,
    56.56841236930522,
    56.568934505182774,
    56.56936081151272,
    56.569708876249855,
    56.56999305936588,
    56.5702250852933,
    56.570414526635744,
    56.5705691991011,
    56.57069548395126,
    56.57079859127123,
    56.5708827749197,
    56.570951508028784,
    56.57100762629366,
    56.5710534449638,
    56.571090854362296,
    56.57112139787418,
    56.57114633562125,
    56.571166696450476,
    56.57118332038067,
    56.571196893258865,
    56.57120797505604,
    56.57121702296959,
    56.57122441028578,
    56.57123044178024,
    56.571235366292,
    56.571239386989724,
    56.57124266975378,
    56.571245350019886,
    56.57124753836675,
    56.571249325078135,
    56.57125078386771,
    56.57125197492018,
    56.57125294737435,
    56.57125374135037,
    56.571254389605,
    56.57125491888304,
    56.57125535102071,
    56.571255703846546,
    56.57125599191693,
    56.57125622711668
  ]
}