{
  "iterations": 192,
  "deltas": [
    44.72281942384095,
    39.21406039536428,
    35.6048633340886,
    33.33347187044862,
    31.279918521501276,
    29.3759209445704,
    27.541784460769193,
    26.01560480303643,
    24.70902341235015,
    23.24397360063729,
    21.94054665483616,
    20.418601493962882,
    18.633905050425227,
    16.924508123221756,
    15.625374470170772,
    14.753992047879276,
    13.94436625630291,
    13.168416708656082,
    12.45030479245071,
    11.765199489896483,
    11.12546825129763,
    10.551935947563727,
    10.002745999509585,
    9.461373803401868,
    8.944609704273578,
    8.465546967000368,
    7.906712535079599,
    7.247315533312552,
    6.596428967971043,
    5.990368555696058,
    5.438500983439283,
    5.1290802855478335,
    4.838179013355417,
    4.583316256589914,
    4.315717093616857,
    3.977421116349702,
    3.630797618872391,
    3.3021097401267383,
    2.9986557099329616,
    2.721211540749522,
    2.468649712061076,
    2.239223475283488,
    2.0310123297126346,
    1.8421273682783728,
    1.6707987624093477,
    1.5154019538871317,
    1.374457490792814,
    1.2470502880659353,
    1.1316190496839553,
    1.0266999188312838,
    0.9313541984170399,
    0.8447871151510782,
    0.7662357314812454,
    0.6949769222035087,
    0.6303409359589978,
    0.5717149287018941,
    0.5185410455222126,
    0.47031258198794745,
    0.42656970166623864,
    0.38689524896394545,
    0.35091083900181985,
    0.3182732711824343,
    0.2886712628577186,
    0.2618224825044848,
    0.23747085754497022,
    0.21538413218959818,
    0.19535165231813068,
    0.17718235635747703,
    0.16070295301761206,
    0.14575626851049606,
    0.132199747491768,
    0.11990409342585195,
    0.108752035408898,
    0.09863720968705536,
    0.08946314520244414,
    0.08114234349193339,
    0.07359544416268449,
    0.06675046798516604,
    0.06054213038504486,
    0.054911218785335336,
    0.04980402786152638,
    0.045171847321924474,
    0.04097049732896352,
    0.03715990713023842,
    0.033703732879807546,
    0.03056901100566023,
    0.027725843816689633,
    0.025147114350623667,
    0.02280822774397251,
    0.02068687665583724,
    0.018762828509856888,
    0.017017732524166718,
    0.015434944689310726,
    0.013999369024212172,
    0.012697313597264781,
    0.011516359937949971,
    0.010445244594890823,
    0.0094737517092085,
    0.008592615580496954,
    0.007793432293802027,
    0.007068579566826827,
    0.006411144051732265,
    0.005814855398249108,
    0.005274026449782809,
    0.004783499001803193,
    0.004338594604760715,
    0.003935069942947678,
    0.003569076363831414,
    0.0032371231707628567,
    0.002936044330340337,
    0.0026629682761551976,
    0.002415290520872304,
    0.0021906488155707393,
    0.001986900619925791,
    0.0018021026672272455,
    0.001634492430383716,
    0.001482471311753386,
    0.0013445893962469313,
    0.0012195316227803232,
    0.0011061052415541894,
    0.0010032284383072465,
    0.0009099200163262822,
    0.0008252900381364725,
    0.0007485313376847103,
    0.0006789118220922319,
    0.0006157674888527254,
    0.0005584960933333605,
    0.0005065514043778307,
    0.0004594379949338645,
    0.0004167065165390227,
    0.00037794941397351067,
    0.0003427970378808709,
    0.00031091411923256373,
    0.0002819965718998674,
    0.0002557685921900088,
    0.0002319800283459017,
    0.0002104039948349623,
    0.0001908347083769968,
    0.00017308552499883945,
    0.00015698716041612215,
    0.00014238607483463284,
    0.0001291430093246504,
    0.00011713165683602256,
    0.00010623745797744277,
    9.635650848593968e-05,
    8.739456782080879e-05,
    7.926616067521763e-05,
    7.189376160710026e-05,
    6.520705579760033e-05,
    5.9142268085565775e-05,
    5.3641555091132886e-05,
    4.865245325191836e-05,
    4.412737853698445e-05,
    4.0023172637404514e-05,
    3.630069140569958e-05,
    3.2924431216940775e-05,
    2.9862190743301653e-05,
    2.708476360169243e-05,
    2.456565975705871e-05,
    2.2280853208656026e-05,
    2.0208552257372503e-05,
    1.8328992190674853e-05,
    1.662424649850891e-05,
    1.507805608724766e-05,
    1.3675673947943778e-05,
    1.240372478861218e-05,
    1.1250077321278695e-05,
    1.0203728415092428e-05,
    9.25469851864591e-06,
    8.393936091977139e-06,
    7.613231623793126e-06,
    6.90513904544332e-06,
    6.262904797438296e-06,
    5.6804036319135776e-06,
    5.152079772585694e-06,
    4.672894363011437e-06,
    4.238277085732989e-06,
    3.844082840487317e-06,
    3.486551769071866e-06,
    3.1622740337411415e-06,
    2.868156769864072e-06,
    2.6013948257741504e-06,
    2.3594438829377395e-06,
    2.1399963756607576e-06,
    1.940959272417331e-06,
    1.7604342374966109e-06,
    1.5966995192684408e-06,
    1.4481934371701755e-06,
    1.3134996450503422e-06,
    1.1913334745372595e-06,
    1.0805297065985542e-06,
    9.800316718155955e-07
  ],