{
  "iterations": 97,
  "deltas": [
    49.1,
    44.190000000000005,
    39.771,
    35.7939,
    32.214510000000004,
    28.993059000000002,
    26.0937531,
    23.484377790000003,
    21.135940011000002,
    17.120111408910013,
    13.86729024121711,
    12.480561217095392,
    11.232505095385854,
    10.109254585847268,
    9.098329127262542,
    8.188496214536288,
    7.369646593082659,
    6.632681933774393,
    5.969413740396953,
    5.372472366357258,
    4.8352251297215325,
    4.35170261674938,
    3.524879119567,
    2.8551520868492677,
    2.3126731903479074,
    2.081405871313118,
    1.8732652841818052,
    1.6859387557636252,
    1.517344880187263,
    1.2290493529516837,
    0.9955299758908636,
    0.8063792804715977,
    0.653167217181994,
    0.5290654459174173,
    0.4285430111931081,
    0.34711983906641786,
    0.28116706964379823,
    0.2277453264114757,
    0.18447371439329663,
    0.14942370865856924,
    0.12103320401344275,
    0.09803689525088455,
    0.07940988515321923,
    0.06432200697410417,
    0.05210082564902785,
    0.042201668775712964,
    0.03418335170832654,
    0.027688514883739357,
    0.02242769705583969,
    0.01816643461521883,
    0.01471481203833691,
    0.011918997751050764,
    0.009654388178345963,
    0.007820054424461986,
    0.006334244083821439,
    0.005130737707887523,
    0.004155897543389742,
    0.0033662770101443584,
    0.0027266843782212113,
    0.0022086143463573293,
    0.0017889776205497476,
    0.0014490718726447582,
    0.001173748216842796,
    0.0009507360556415545,
    0.0007700962050700699,
    0.0006237779261080156,
    0.0005052601201431806,
    0.00040926069732472037,
    0.00033150116482771885,
    0.0002685159435067419,
    0.00021749791424463538,
    0.0001761733105349883,
    0.00014270038153663123,
    0.0001155873090445958,
    9.362572032545202e-05,
    7.583683346457093e-05,
    6.142783510609817e-05,
    4.975654643635252e-05,
    4.030280261013708e-05,
    3.2645270116704594e-05,
    2.644266879592294e-05,
    2.1418561725106144e-05,
    1.734903499750473e-05,
    1.4052718343871007e-05,
    1.138270186129553e-05,
    9.219988504671761e-06,
    7.468190692083709e-06,
    6.0492344577944834e-06,
    4.8998799133670445e-06,
    3.968902731132928e-06,
    3.2148112061314293e-06,
    2.6039970837388182e-06,
    2.109237633662886e-06,
    1.708482486151297e-06,
    1.3838708139424227e-06,
    1.1209353572017022e-06,
    9.079576410719881e-07
  ],
  "values": [
    -1.0,
    -1.9,
    -2.71,
    -3.439,
    -4.0951,
    -4.68559,
    -5.217031,
    -5.6953279000000006,
    -6.12579511,
    -6.5132155990000005,
    -6.861894039100001,
    -7.175704635190001,
    -7.458134171671,
    -7.7123207545039,
    -7.94108867905351,
    -8.14697981114816,
    -8.332281830033345,
    -8.49905364703001,
    -8.649148282327008,
    -8.784233454094307,
    -9.01522909781639,
    -9.202335569231277,
    -9.353891811077334,
    -9.47665236697264,
    -9.57608841724784,
    -9.618479575523056,
    -9.656631617970751,
    -9.690968456173676,
    -8.173623575986413,
    -6.94457422303473,
    -5.949044247143866,
    -5.142664966672268,
    -4.489497749490274,
    -3.960432303572857,
    -3.531889292379749,
    -3.184769453313331,
    -2.903602383669533,
    -2.675857057258057,
    -2.4913833428647605,
    -2.3419596342061912,
    -2.2209264301927485,
    -2.122889534941864,
    -2.0434796497886447,
    -1.9791576428145405,
    -1.9270568171655127,
    -1.8848551483897997,
    -1.8506717966814732,
    -1.8229832817977338,
    -1.8005555847418941,
    -1.7823891501266753,
    -1.7676743380883384,
    -1.7557553403372876,
    -1.7461009521589417,
    -1.7382808977344797,
    -1.7319466536506583,
    -1.7268159159427707,
    -1.722660018399381,
    -1.7192937413892366,
    -1.7165670570110154,
    -1.714358442664658,
    -1.7125694650441083,
    -1.7111203931714636,
    -1.7099466449546208,
    -1.7089959088989792,
    -1.7082258126939092,
    -1.7076020347678011,
    -1.707096774647658,
    -1.7066875139503332,
    -1.7063560127855055,
    -1.7060874968419988,
    -1.7058699989277541,
    -1.7056938256172192,
    -1.7055511252356825,
    -1.705435537926638,
    -1.7053419122063125,
    -1.705266075372848,
    -1.7052046475377418,
    -1.7051548909913055,
    -1.7051145881886953,
    -1.7050819429185786,
    -1.7050555002497827,
    -1.7050340816880576,
    -1.70501673265306,
    -1.7050026799347162,
    -1.704991297232855,
    -1.7049820772443502,
    -1.7049746090536582,
    -1.7049685598192004,
    -1.704963659939287,
    -1.7049596910365559,
    -1.7049564762253497,
    -1.704953872228266,
    -1.7049517629906323,
    -1.7049500545081462,
    -1.7049486706373322,
    -1.704947549701975,
    -1.704946641744334
  ],
  "mean_values": [
    -0.24522123893805303,
    0.5733884955752215,
    1.5075471592920358,
    3.1359971007964607,
    5.2250132243000005,
    7.636877248711231,
    10.448423547524868,
    12.893690180374737,
    15.349428527661104,
    17.60469191722227,
    19.571876638350073,
    21.261052357879322,
    22.713226387869884,
    24.06321055921595,
    25.456054373628007,
    26.710599320739625,
    27.85044840323501,
    28.831091257337714,
    29.679021237946014,
    30.45589928167002,
    31.439545812156737,
    32.495648727981944,
    33.40289177853344,
    34.356710732598735,
    35.22623387087029,
    36.06898124961733,
    36.78530197008633,
    37.380684658323965,
    37.87661859791266,
    38.2783250889795,
    38.60370734674365,
    38.8672669755326,
    39.08075027485166,
    39.253671747300096,
    39.39373813998332,
    39.50719191805674,
    39.59908947829621,
    39.673526502090176,
    39.73382049136328,
    39.78265862267451,
    39.8222175090366,
    39.8542602069899,
    39.88021479233206,
    39.901238006459224,
    39.918266809902214,
    39.93206014069104,
    39.94323273862999,
    39.95228254296054,
    39.959612884468285,
    39.96555046108956,
    39.97035989815279,
    39.974255542174014,
    39.977411013831194,
    39.97996694587352,
    39.9820372508278,
    39.98371419784077,
    39.98507252492127,
    39.98617276985648,
    39.987063968254,
    39.98778583895599,
    39.988370554224595,
    39.98884417359218,
    39.98922780527991,
    39.98953854694698,
    39.9897902476973,
    39.98999412530506,
    39.990159266167346,
    39.9902930302658,
    39.990401379185556,
    39.99048914181054,
    39.9905602295368,
    39.990617810595054,
    39.99066445125224,
    39.99070223018457,
    39.99073283111975,
    39.99075761787724,
    39.99077769515081,
    39.99079395774241,
    39.9908071304416,
    39.99081780032794,
    39.99082644293588,
    39.99083344344831,
    39.99083911386338,
    39.99084370689959,
    39.99084742725891,
    39.990850440749966,
    39.990852881677725,
    39.99085485882921,
    39.99085646032191,
    39.990857757530996,
    39.99085880827035,
    39.99085965936924,
    39.99086034875933,
    39.990860907165306,
    39.990861359474145,
    39.990861725844304,
    39.990862022604134
  ]
}