{
  "iterations": 28,
  "deltas": [
    59.84000679933039,
    25.48169894234603,
    14.1120831667084,
    7.817332925618315,
    4.328192534587392,
    2.3959903316706583,
    1.3261377090169915,
    0.7338568285565255,
    0.4295582287357598,
    0.2539542293841186,
    0.1495452829399908,
    0.08775370490661505,
    0.05133267700143218,
    0.029942864171271566,
    0.017421232507157658,
    0.010112283629045482,
    0.005857194227898432,
    0.003385900772202355,
    0.0019301281623214095,
    0.0008850130630131403,
    0.00036529916790462025,
    0.00014330913716964488,
    5.4924065216788165e-05,
    2.084092476106747e-05,
    7.876821790819832e-06,
    2.9726795807150097e-06,
    1.121303967455134e-06,
    4.228879966206023e-07
  ],
  "values": [
    -1.3,
    -2.0911150000000003,
    -2.5616922906250004,
    -2.8412061747669437,
    -3.0072137052441494,
    -3.105807117272748,
    -3.164362602176102,
    -3.199139210397899,
    -3.2197933381529182,
    -3.2320600028622395,
    -3.239345280887715,
    -3.2437025299238877,
    -3.246279290605278,
    -3.247730152050049,
    -3.2485504798479514,
    -3.24904660848555,
    -3.2455155534509417,
    -3.2421296526787393,
    -3.240199524516418,
    -3.2393145114534048,
    -3.2389492122855,
    -3.2388059031483305,
    -3.2387509790831137,
    -3.2387301381583526,
    -3.238722261336562,
    -3.238719288656981,
    -3.2387181673530137,
    -3.238717744465017
  ],
  "mean_values": [
    0.5857529627250245,
    0.5770732799330993,
    0.6647674237759745,
    0.7268414934072226,
    0.7974213771050798,
    0.8532180263958189,
    0.8933067485861111,
    0.9211475844667887,
    0.9401187752320764,
    0.9542369844754334,
    0.9626598302216862,
    0.9671088385034062,
    0.9693974552051557,
    0.9705965244379543,
    0.9712461202245838,
    0.9716090956742138,
    0.9718408600267158,
    0.9719754913489725,
    0.9720400777237743,
    0.9720677171205414,
    0.9720790636805677,
    0.9720835201283969,
    0.9720852246565939,
    0.9720858708643779,
    0.9720861150390575,
    0.9720862071889199,
    0.9720862419503616,
    0.9720862550613417
  ]
}