{
  "iterations": 21,
  "deltas": [
    46.0074575,
    25.4904859125,
    14.116715800875001,
    5.547424008164388,
    2.1221186185010446,
    0.8116057237999001,
    0.310343237904263,
    0.11866105950942796,
    0.045369908070149734,
    0.01734722227568497,
    0.006632654033960961,
    0.002535967659042626,
    0.000969616263464701,
    0.00037072855694830764,
    0.0001417464480297781,
    5.419613652435373e-05,
    2.0721656561306645e-05,
    7.922835049356536e-06,
    3.029261449682963e-06,
    1.1582249150876578e-06,
    4.4284225353408146e-07
  ],
  "values": [
    -1.3,
    -2.005615,
    12.111100800875,
    17.65852480903939,
    19.780643427540433,
    20.592249151340333,
    20.902592389244596,
    21.021253448754024,
    21.066623356824174,
    21.08397057909986,
    21.09060323313382,
    21.093139200792862,
    21.094108817056327,
    21.094479545613275,
    21.094621292061305,
    21.09467548819783,
    21.09469620985439,
    21.09470413268944,
    21.09470716195089,
    21.094708320175805,
    21.09470876301806
  ],
  "mean_values": [
    1.3147321678693886,
    2.7803964834914803,
    3.9191787264391946,
    4.405578966893656,
    4.6057536692696734,
    4.685013719273886,
    4.715724119124843,
    4.727538796162899,
    4.732074192185254,
    4.733813940986996,
    4.734481100088929,
    4.734736898546178,
    4.734834962202274,
    4.73487255163704,
    4.734886958661537,
    4.7348924798943655,
    4.7348945955906006,
    4.734895406230771,
    4.7348957168028765,
    4.734895835778541,
    4.734895881352526
  ]
}