{
  "iterations": 91,
  "deltas": [
    89.6,
    56.34756,
    50.712804,
    45.6415236,
    41.07737124,
    36.969634116,
    33.2726707044,
    29.945403633960005,
    26.950863270564007,
    24.255776943507605,
    17.433922005000003,
    15.690529804500004,
    12.426899605164001,
    10.912617279694004,
    8.153288830948114,
    6.60416395306796,
    5.349372801985055,
    4.332991969607903,
    3.5097234953823744,
    2.8428760312597348,
    2.3027295853203924,
    1.865210964109508,
    1.5108208809287191,
    1.2237649135522588,
    0.9912495799773069,
    0.8029121597816271,
    0.6503588494231423,
    0.526790668032703,
    0.42670044110653294,
    0.3456273572962658,
    0.27995815940998625,
    0.22676610912208162,
    0.18368054838887815,
    0.14878124419500693,
    0.12051280779793672,
    0.09761537431636214,
    0.07906845319621425,
    0.0640454470889722,
    0.051876812142069184,
    0.04202021783503085,
    0.03403637644640867,
    0.02756946492156942,
    0.022331266586505194,
    0.018088325935039506,
    0.01465154400742108,
    0.011867750645961905,
    0.009612878023247617,
    0.007786431198823607,
    0.006307009271040442,
    0.005108677509568338,
    0.004138028782747938,
    0.0033518033140325088,
    0.002714960684329526,
    0.002199118154322832,
    0.0017812857050216735,
    0.0014428414210527762,
    0.0011687015510375431,
    0.0009466482563738055,
    0.0007667850876487137,
    0.0006210959209909106,
    0.0005030876960034902,
    0.0004075010337629692,
    0.0003300758373541157,
    0.00026736142825711795,
    0.00021656275688997084,
    0.00017541583306979192,
    0.0001420868247805629,
    0.00011509032808021402,
    9.322316573445733e-05,
    7.55107642476105e-05,
    6.116371905307005e-05,
    4.9542612444497536e-05,
    4.012951606569004e-05,
    3.250490802031436e-05,
    2.6328975451406222e-05,
    2.1326470175608847e-05,
    1.7274440821779535e-05,
    1.3992297056120151e-05,
    1.1333760639331558e-05,
    9.18034612595875e-06,
    7.436080338152351e-06,
    6.02322508314046e-06,
    4.878812291053691e-06,
    3.951837967974825e-06,
    3.2009887718231766e-06,
    2.5928008824394055e-06,
    2.1001687144917014e-06,
    1.7011366821861884e-06,
    1.3779206966546553e-06,
    1.1161157686956358e-06,
    9.040537776172641e-07
  ],
  "values": [
    -1.0,
    -1.9,
    -2.71,
    -3.439,
    -4.0951,
    -4.68559,
    -5.217031,
    -5.6953279000000006,
    -6.12579511,
    -6.5132155990000005,
    -6.861894039100001,
    8.828635765400003,
    21.255535370564004,
    31.321324050746846,
    39.47461288169496,
    46.07877683476292,
    51.428149636747975,
    55.76114160635588,
    59.27086510173825,
    62.11374113299799,
    64.41647071831838,
    66.28168168242789,
    67.7925025633566,
    69.01626747690887,
    70.00751705688617,
    70.8104292166678,
    71.46078806609094,
    71.98757873412364,
    72.41427917523018,
    72.75990653252644,
    73.03986469193643,
    73.26663080105851,
    73.45031134944739,
    73.5990925936424,
    73.71960540144033,
    73.8172207757567,
    73.89628922895291,
    73.96033467604188,
    74.01221148818395,
    74.05423170601898,
    74.08826808246539,
    74.11583754738696,
    74.13816881397346,
    74.1562571399085,
    74.17090868391593,
    74.18277643456189,
    74.19238931258514,
    74.20017574378396,
    74.206482753055,
    74.21159143056457,
    74.21572945934732,
    74.21908126266135,
    74.22179622334568,
    74.2239953415,
    74.22577662720502,
    74.22721946862607,
    74.22838817017711,
    74.22933481843349,
    74.23010160352113,
    74.23072269944213,
    74.23122578713813,
    74.23163328817189,
    74.23196336400925,
    74.2322307254375,
    74.2324472881944,
    74.23262270402746,
    74.23276479085224,
    74.23287988118032,
    74.23297310434606,
    74.2330486151103,
    74.23310977882936,
    74.2331593214418,
    74.23319945095787,
    74.23323195586589,
    74.23325828484134,
    74.23327961131152,
    74.23329688575234,
    74.2333108780494,
    74.23332221181003,
    74.23333139215616,
    74.2333388282365,
    74.23334485146158,
    74.23334973027387,
    74.23335368211184,
    74.23335688310061,
    74.2333594759015,
    74.23336157607021,
    74.23336327720689,
    74.23336465512759,
    74.23336577124336,
    74.23336667529713
  ],
  "mean_values": [
    4.214184195041322,
    8.465068006578512,
    13.025260645001323,
    17.807940759004463,
    23.71949853682172,
    29.04336844460157,
    34.32310077041502,
    40.135414261125206,
    45.77913372651059,
    51.692746446042015,
    57.25836094947205,
    62.20179682170902,
    66.36333199511661,
    70.02806299064962,
    72.83229445401903,
    75.10372193934825,
    76.94357820246492,
    78.4338617755894,
    79.64099146982025,
    80.61876652214724,
    81.4107643145321,
    82.05228252636384,
    82.57191227794753,
    82.99281237673033,
    83.3337414567444,
    83.6098940115558,
    83.83357758095303,
    84.01476127216479,
    84.16152006204632,
    84.28039468185035,
    84.37668312389161,
    84.45467676194504,
    84.51785160876831,
    84.56902323469518,
    84.61047225169592,
    84.64404595546654,
    84.67124065552073,
    84.69326836256462,
    84.71111080527018,
    84.72556318386168,
    84.7372696105208,
    84.74675181611468,
    84.75443240264573,
    84.76065367773587,
    84.7656929105589,
    84.76977468914554,
    84.77308092980071,
    84.77575898473143,
    84.7779282092253,
    84.77968528106531,
    84.78110850925574,
    84.78226132408999,
    84.78319510410573,
    84.78395146591848,
    84.78456411898681,
    84.78506036797215,
    84.78546232965029,
    84.78578791860956,
    84.78605164566657,
    84.78626526458277,
    84.78643829590487,
    84.78657845127579,
    84.78669197712621,
    84.78678393306507,
    84.78685841737554,
    84.78691874966702,
    84.78696761882313,
    84.78700720283956,
    84.78703926589289,
    84.78706523696609,
    84.78708627353538,
    84.78710331315649,
    84.7871171152496,
    84.787128294945,
    84.7871373504983,
    84.78714468549646,
    84.78715062684496,
    84.78715543933727,
    84.78715933745603,
    84.78716249493222,
    84.78716505248794,
    84.78716712410805,
    84.78716880212035,
    84.78717016131033,
    84.7871712622542,
    84.78717215401875,
    84.78717287634801,
    84.78717346143473,
    84.78717393535496,
    84.78717431923036,
    84.78717463016942
  ]
}