{
  "iterations": 24,
  "deltas": [
    45.20273331626258,
    25.039931528696442,
    13.874710498741159,
    7.6872167477192495,
    4.37750087990727,
    2.4908348627591583,
    1.4162539232618423,
    0.7434971309042,
    0.41481313922836627,
    0.24598359128743796,
    0.10621890234852138,
    0.04202071264065399,
    0.01621809109742589,
    0.006217659549046406,
    0.002379587797505245,
    0.0009103107417058887,
    0.0003482031175372491,
    0.00013318799991779429,
    5.094424293750066e-05,
    1.948608437007948e-05,
    7.453391288603228e-06,
    2.8509082259375873e-06,
    1.0904670482148049e-06,
    4.1710159948138426e-07
  ],
  "values": [
    -1.4500000000000002,
    -2.24882125,
    -2.7199650113124996,
    -2.9739452517846607,
    -3.136066935611864,
    -3.2195215737345624,
    -3.2748813136560124,
    -3.3062661724240083,
    -3.32321970264708,
    -3.3343055351230295,
    -3.3403692682988106,
    -3.3441449463944597,
    -3.3462648175679037,
    -3.3472027113145817,
    -3.347577621875932,
    -3.3477201369732574,
    -3.3477730974574764,
    -3.3477926062155072,
    -3.347799770985691,
    -3.347802399846042,
    -3.347803364149763,
    -3.347803717843973,
    -3.3478038475723673,
    -3.3478038951543283
  ],
  "mean_values": [
    -0.6954028460952664,
    -0.6331506245760438,
    -0.6082250904148883,
    -0.47962527492627643,
    -0.34860514708039486,
    -0.24419262496999625,
    -0.15681441618468783,
    -0.11197367657355481,
    -0.08673650533191553,
    -0.07368330698253571,
    -0.06769391219843673,
    -0.06515653565037675,
    -0.06414817118077588,
    -0.06375649124631974,
    -0.06360552073057012,
    -0.06354745999759054,
    -0.06352514539800527,
    -0.06351657161107238,
    -0.06351327804196413,
    -0.06351201307406859,
    -0.06351152732179473,
    -0.06351134082290931,
    -0.06351126923049133,
    -0.06351124175215507
  ]
}