{
  "iterations": 105,
  "deltas": [
    39.84347563658509,
    17.641531369058335,
    13.868622552162911,
    11.858999674796586,
    10.30404997319782,
    8.84942767135444,
    7.507739816818514,
    6.432170350466997,
    5.523193533033236,
    4.7518744041181336,
    4.140061800098163,
    3.642242132383945,
    3.1790368423120743,
    2.798814927602079,
    2.447652304162041,
    2.1549930151583903,
    1.8883350827809133,
    1.6619028597494543,
    1.4590752559153906,
    1.283269323567637,
    1.1287472018598228,
    0.991923461116758,
    0.8740295098594313,
    0.7673715195478845,
    0.677303221255297,
    0.5940686116705276,
    0.5251752269716352,
    0.46035486573913076,
    0.4074169745199505,
    0.357865428048477,
    0.31618827019500984,
    0.2782535229795542,
    0.24546173481372335,
    0.21637221996424927,
    0.19059156064362526,
    0.16634199132522554,
    0.14407702406146683,
    0.12401086780082693,
    0.10618829320883094,
    0.09054088355244971,
    0.07693013364479384,
    0.06517910309234054,
    0.055094693230820724,
    0.046482596472664284,
    0.039156748098406524,
    0.03294480566193414,
    0.027690862970601415,
    0.023256315168126207,
    0.01951954689572588,
    0.016374920649329994,
    0.013731393487702803,
    0.01151098011814966,
    0.009647201300150954,
    0.008083601233732196,
    0.006772380010900747,
    0.005673162404249865,
    0.0047519084834242165,
    0.003979961984462932,
    0.0033332269779258183,
    0.002791460745843466,
    0.0023376698833317278,
    0.00195759680446983,
    0.001639284598972779,
    0.0013727092590052337,
    0.0011494694867337785,
    0.0009625254887204449,
    0.0008059792976062852,
    0.0006748902000737189,
    0.0005651197794165341,
    0.00047320189859334505,
    0.000396233659959222,
    0.00033178399033673145,
    0.00027781702376472595,
    0.0002326279003881382,
    0.00019478897853275612,
    0.0001631047765968674,
    0.00013657423181712147,
    0.00011435909011225931,
    9.57574325184396e-05,
    8.018150459676576e-05,
    6.71391500475238e-05,
    5.621826296575705e-05,
    4.707376831447618e-05,
    3.941671956653181e-05,
    3.300516939930276e-05,
    2.763652517501214e-05,
    2.314114771451159e-05,
    1.9376991186703663e-05,
    1.6225114915613403e-05,
    1.3585925078274386e-05,
    1.1376027803322586e-05,
    9.525594080628252e-06,
    7.976153337807546e-06,
    6.678745833710309e-06,
    5.592375654117632e-06,
    4.6827153177275704e-06,
    3.921021058062024e-06,
    3.283224593531031e-06,
    2.74917261933183e-06,
    2.30198996931108e-06,
    1.9275464140378062e-06,
    1.6140101450901057e-06,
    1.3514739407582965e-06,
    1.131642090257401e-06,
    9.475682709592093e-07
  ],
  "values": [
    -2.5,
    -4.93984375,
    -7.164505981445312,
    -9.158887926445008,
    -10.936714206346732,
    -12.517837636630645,
    -13.92251504449851,
    -15.169762969481212,
    -16.276906302499,
    -17.25952587873349,
    -18.131547381164566,
    -18.905935701463974,
    -19.59462159260608,
    -20.207718910603596,
    -20.75297507664483,
    -21.236195840456908,
    -21.658999939576265,
    -22.016463205716043,
    -22.29817864669448,
    -22.48882605523705,
    -22.580977812773043,
    -22.573522046308454,
    -22.472778181802415,
    -22.290944542007864,
    -22.044969340149542,
    -21.75379560997818,
    -21.435853005328262,
    -21.10737412020908,
    -20.78166124503909,
    -20.468784878531473,
    -20.175704090712294,
    -19.906672377482153,
    -19.66376159754263,
    -19.447389377578382,
    -19.256797816934757,
    -19.09045582560953,
    -18.946378801548065,
    -18.822367933747238,
    -18.716179640538407,
    -18.625638756985957,
    -18.548708623341163,
    -18.483529520248823,
    -18.428434827018002,
    -18.381952230545338,
    -18.34279548244693,
    -18.309850676784997,
    -18.282159813814395,
    -18.25890349864627,
    -18.239383951750543,
    -18.223009031101213,
    -18.20927763761351,
    -18.19776665749536,
    -18.18811945619521,
    -18.180035854961478,
    -18.173263474950577,
    -18.167590312546327,
    -18.162838404062903,
    -18.15885844207844,
    -18.155525215100514,
    -18.15273375435467,
    -18.15039608447134,
    -18.14843848766687,
    -18.146799203067896,
    -18.14542649380889,
    -18.144277024322157,
    -18.143314498833437,
    -18.14250851953583,
    -18.141833629335757,
    -18.14126850955634,
    -18.140795307657747,
    -18.140399073997788,
    -18.14006729000745,
    -18.139789472983686,
    -18.1395568450833,
    -18.139362056104765,
    -18.13919895132817,
    -18.13906237709635,
    -18.13894801800624,
    -18.13885226057372,
    -18.138772079069124,
    -18.138704939919077,
    -18.13864872165611,
    -18.138601647887796,
    -18.13856223116823,
    -18.13852922599883,
    -18.138501589473655,
    -18.13847844832594,
    -18.138459071334754,
    -18.13844284621984,
    -18.13842926029476,
    -18.138417884266957,
    -18.138408358672876,
    -18.13840038251954,
    -18.138393703773705,
    -18.13838811139805,
    -18.138383428682733,
    -18.138379507661675,
    -18.13837622443708,
    -18.138373475264462,
    -18.138371173274493,
    -18.13836924572808,
    -18.138367631717934,
    -18.138366280243993,
    -18.138365148601903,
    -18.13836420103363
  ],
  "mean_values": [
    -1.4050251452555191,
    -2.521563441306419,
    -3.3088114930518224,
    -3.8373293316192196,
    -4.144035772888242,
    -4.258940065135701,
    -4.22681865284922,
    -4.084854883672288,
    -3.8621614240751496,
    -3.5832331105311455,
    -3.2661026640291166,
    -2.9198201675539655,
    -2.5558267612202754,
    -2.185884715682599,
    -1.811497936349037,
    -1.4409842181401034,
    -1.0799218213131445,
    -0.7296820900233842,
    -0.39414002367893397,
    -0.07640270503213584,
    0.2205631728777945,
    0.4946816906428137,
    0.7479259273791778,
    0.9794997015823187,
    1.1893135172680658,
    1.377438791607814,
    1.5451603984209614,
    1.6937649856620327,
    1.8244954121782933,
    1.9388240359184898,
    2.038724801050298,
    2.125547445499328,
    2.2005701519757155,
    2.2651496719959465,
    2.320499345104301,
    2.36777177510156,
    2.408026405116443,
    2.442218703174396,
    2.4711990266170116,
    2.4957165220345585,
    2.516425770426894,
    2.5338948470161053,
    2.548613951657147,
    2.561004058652863,
    2.571425231181644,
    2.5801843839717367,
    2.5875423764304823,
    2.593720387672147,
    2.5989055720500898,
    2.603256024427101,
    2.6069051028807237,
    2.609965166280445,
    2.612530787858897,
    2.6146815055508474,
    2.6164841669849004,
    2.617994922656317,
    2.6192609157335243,
    2.6203217116589563,
    2.6212105055208554,
    2.6219551402920267,
    2.6225789645601543,
    2.623101554357908,
    2.6235393201461,
    2.6239060168916235,
    2.6242131724823046,
    2.6244704473944225,
    2.6246859365348376,
    2.624866422478151,
    2.625017587872351,
    2.6251441935591924,
    2.6252502279171717,
    2.6253390320578336,
    2.625413404766382,
    2.6254756904543175,
    2.6255278528673447,
    2.625571536850684,
    2.6256081201031747,
    2.6256387565402037,
    2.6256644126239994,
    2.625685897800398,
    2.625703889997048,
    2.625718956983548,
    2.6257315742644556,
    2.6257421400674765,
    2.625750987898068,
    2.6257583970552965,
    2.6257646014398266,
    2.6257697969312606,
    2.6257741475670513,
    2.6257777907176103,
    2.6257808414205828,
    2.6257833960108616,
    2.6257855351607295,
    2.6257873264259377,
    2.625788826377999,
    2.6257900823899174,
    2.6257911341316578,
    2.6257920148225384,
    2.6257927522800353,
    2.6257933697980897,
    2.625793886882625,
    2.625794319867492,
    2.625794682430268,
    2.6257949860241987,
    2.625795240239901
  ]
}