{
  "iterations": 25,
  "deltas": [
    59.88453391284882,
    25.56890649246706,
    14.55391801318025,
    8.280093991722294,
    4.707350755424358,
    2.6743389961757367,
    1.5183312001001805,
    0.8615513235373469,
    0.48349490036240406,
    0.2541958181739763,
    0.14954607882718962,
    0.07969484342114042,
    0.04714599167577127,
    0.022259779141784453,
    0.009115001881969231,
    0.0035593003928400258,
    0.0013613845032192096,
    0.000515808836737186,
    0.00019468127746735675,
    7.337822929232019e-05,
    2.7645476299298366e-05,
    1.041424223346965e-05,
    3.922989264992793e-06,
    1.4777569496970955e-06,
    5.566574774462651e-07
  ],
  "values": [
    -1.3,
    -2.005615,
    -2.380247311375,
    -2.625122726748128,
    -2.771046541111516,
    -2.856068374971783,
    -2.9064093450543185,
    -2.9355408897662705,
    -2.946899079976175,
    -2.95121748561554,
    -2.9528983758114946,
    -2.8948410482635074,
    -2.847695056587736,
    -2.8254352774459517,
    -2.8163202755639825,
    -2.8127609751711424,
    -2.811399590667923,
    -2.810883781831186,
    -2.8106891005537187,
    -2.8106157223244264,
    -2.810588076848127,
    -2.8105776626058936,
    -2.8105737396166286,
    -2.810572261859679,
    -2.8105717052022015
  ],
  "mean_values": [
    0.7342932307041532,
    1.2501404658090718,
    1.5939809290001359,
    1.8208880574671709,
    1.9728650898664652,
    2.0723473527717777,
    2.1361093413787327,
    2.176077784644755,
    2.199921084192988,
    2.215405338166564,
    2.225965549636553,
    2.231818425620269,
    2.234471301922547,
    2.2355480492371846,
    2.2359667152835563,
    2.2361266491074936,
    2.2361872611594458,
    2.2362101536663848,
    2.236218788543188,
    2.2362220440463236,
    2.2362232712319647,
    2.23622373379829,
    2.236223908148145,
    2.236223973861954,
    2.2362239986293564
  ]
}