{
  "iterations": 99,
  "deltas": [
    40.125016079860934,
    17.257173712924313,
    12.975041490455482,
    11.024746602986554,
    9.639792431117215,
    8.4157989352294,
    7.403147966415908,
    6.444155817145994,
    5.6206886085891306,
    4.90238717271253,
    4.25590577230912,
    3.722012512432798,
    3.2211118260891247,
    2.824597953294724,
    2.4527500624581577,
    2.1436486997907362,
    1.8679794062176613,
    1.626835752376504,
    1.4211496716750827,
    1.2339700161749598,
    1.0833773675169498,
    0.9621699532670744,
    0.8405169860861075,
    0.7252769371280161,
    0.6201425944892525,
    0.5266644315014528,
    0.44504060652693456,
    0.3746829492370394,
    0.3145980745508299,
    0.26362984174036463,
    0.2206045927586111,
    0.18441171450933935,
    0.15404311270767157,
    0.12860776705628485,
    0.10733198054343807,
    0.08955203441269033,
    0.074703334328452,
    0.062308434944777336,
    0.05196526358648157,
    0.043336213719815,
    0.03613839562590049,
    0.030135114720162504,
    0.025128532110447965,
    0.020953406056001045,
    0.017471791455413666,
    0.014568571864441937,
    0.01214770563427181,
    0.010129079253070161,
    0.008445873894035172,
    0.007042363933471352,
    0.005872078020175531,
    0.0048962638271674574,
    0.004082606822811474,
    0.003404161314900067,
    0.002838458762701057,
    0.0023667640553686198,
    0.0019734552582644227,
    0.001645506361729332,
    0.0013720559455800974,
    0.0011440474993080763,
    0.0009539295003000436,
    0.0007954053252314797,
    0.0006632247167603911,
    0.0005530099017021506,
    0.0004611106034420054,
    0.0003844831475616761,
    0.0003205896572096023,
    0.00026731399994517346,
    0.00022289170237188571,
    0.00018585151149697055,
    0.00015496666736924958,
    0.00012921427321188617,
    0.00010774141742220245,
    8.983692541830735e-05,
    7.490780574581635e-05,
    6.245961039708092e-05,
    5.2080058838166465e-05,
    4.342538339896507e-05,
    3.6208943793303305e-05,
    3.0191733682016775e-05,
    2.517446484828767e-05,
    2.0990966834277813e-05,
    1.7502683425041354e-05,
    1.4594083706853667e-05,
    1.216883571886207e-05,
    1.0146615966544204e-05,
    8.460449129721326e-06,
    7.054489862490243e-06,
    5.882173210514097e-06,
    4.904672392891385e-06,
    4.089612874125237e-06,
    3.410000120940282e-06,
    2.8433255641058253e-06,
    2.3708211061013174e-06,
    1.9768375409956462e-06,
    1.648326251491028e-06,
    1.3744070381793705e-06,
    1.1460077791181078e-06,
    9.555639597369492e-07
  ],
  "values": [
    -2.5,
    -4.43359375,
    -5.873192749023438,
    -7.22625807619095,
    -8.483278448374065,
    -9.61351080313817,
    -10.617012600343614,
    -11.503260779428754,
    -12.27361544263412,
    -12.932829530088618,
    -13.490381047936673,
    -13.927071534306144,
    -14.039480644304346,
    -13.637259670903754,
    -12.815842410859066,
    -11.711149216420601,
    -10.453213173219837,
    -9.148204505038532,
    -7.873925300402294,
    -6.680987150643091,
    -5.597609783126141,
    -4.635439829859067,
    -3.794922843772959,
    -3.069645906644943,
    -2.4495033121556906,
    -1.9228388806542378,
    -1.4777982741273032,
    -1.1031153248902639,
    -0.788517250339434,
    -0.5248874085990693,
    -0.30428281584045824,
    -0.11987110133111889,
    0.03417201137655268,
    0.16277977843283753,
    0.2701117589762756,
    0.3596637933889659,
    0.4343671277174179,
    0.49667556266219526,
    0.5486408262486768,
    0.5919770399684918,
    0.6281154355943923,
    0.6582505503145548,
    0.6833790824250028,
    0.7043324884810038,
    0.7218042799364175,
    0.7363728518008594,
    0.7485205574351312,
    0.7586496366882014,
    0.7670955105822366,
    0.7741378745157079,
    0.7800099525358835,
    0.7849062163630509,
    0.7889888231858624,
    0.7923929845007625,
    0.7952314432634635,
    0.7975982073188321,
    0.7995716625770966,
    0.8012171689388259,
    0.802589224884406,
    0.8037332723837141,
    0.8046872018840141,
    0.8054826072092456,
    0.806145831926006,
    0.8066988418277081,
    0.8071599524311501,
    0.8075444355787118,
    0.8078650252359214,
    0.8081323392358666,
    0.8083552309382385,
    0.8085410824497354,
    0.8086960491171047,
    0.8088252633903166,
    0.8089330048077388,
    0.8090228417331571,
    0.8090977495389029,
    0.8091602091493,
    0.8092122892081381,
    0.8092557145915371,
    0.8092919235353304,
    0.8093221152690124,
    0.8093472897338607,
    0.809368280700695,
    0.80938578338412,
    0.8094003774678269,
    0.8094125463035458,
    0.8094226929195123,
    0.809431153368642,
    0.8094382078585045,
    0.809444090031715,
    0.8094489947041079,
    0.809453084316982,
    0.809456494317103,
    0.8094593376426671,
    0.8094617084637732,
    0.8094636853013142,
    0.8094653336275657,
    0.8094667080346039,
    0.809467854042383,
    0.8094688096063427
  ],
  "mean_values": [
    -1.0012738302810653,
    -1.4588306690763408,
    -1.5721535290141,
    -1.4254100430236563,
    -1.0932520164261201,
    -0.6257465266371084,
    -0.06695532689020134,
    0.546030103250003,
    1.188127740770503,
    1.8423283063123608,
    2.4900892688913823,
    3.119470836790274,
    3.734848689119617,
    4.326091823241297,
    4.891496499358375,
    5.425901815018876,
    5.932693490524152,
    6.404606517564324,
    6.8358051098173735,
    7.22268617764951,
    7.565160092125888,
    7.865138393201239,
    8.125660833170073,
    8.350333256804912,
    8.542978497299043,
    8.707448180433627,
    8.847741381074307,
    8.966982062678186,
    9.067940447037316,
    9.153144148057297,
    9.224873547829773,
    9.285144067564913,
    9.335710542181664,
    9.37808523174028,
    9.413561809737537,
    9.443240919884433,
    9.468055071489474,
    9.48879176350886,
    9.50611434405606,
    9.520580461863211,
    9.532658163027053,
    9.542739791662008,
    9.551153902884296,
    9.558175413066984,
    9.564034209373652,
    9.568922426890884,
    9.573000582683191,
    9.576402735142224,
    9.57924081608941,
    9.581608263337689,
    9.583583063389849,
    9.585230297871414,
    9.586604273184669,
    9.58775030063102,
    9.588706183725403,
    9.589503460438294,
    9.590168440463042,
    9.590723071141415,
    9.59118566022524,
    9.591571479060212,
    9.591893265920072,
    9.592161645983087,
    9.592385481731068,
    9.592572165281267,
    9.592727862262642,
    9.59285771526073,
    9.592966013528867,
    9.593056334555675,
    9.5931316621534,
    9.593194484959447,
    9.593246878598602,
    9.593290574215345,
    9.593327015636675,
    9.593357407051146,
    9.593382752777151,
    9.593403890432693,
    9.593421518601309,
    9.593436219907154,
    9.593448480260994,
    9.59345870491231,
    9.593467231837531,
    9.593474342906351,
    9.593480273194851,
    9.593485218752928,
    9.593489343082545,
    9.593492782540732,
    9.593495650845783,
    9.593498042835495,
    9.593500037601558,
    9.593501701103671,
    9.593503088349705,
    9.59350424521396,
    9.59350520995358,
    9.593506014473228,
    9.5935066853798,
    9.593507244862051,
    9.593507711424184,
    9.59350810049762,
    9.593508424951237
  ]
}