{
  "iterations": 89,
  "deltas": [
    44.791390736032206,
    37.20874125369115,
    30.909821882882433,
    27.000556282234623,
    24.028340146863897,
    21.383465695625283,
    18.98297568222153,
    16.945959582431428,
    14.657182817530853,
    13.03628162422109,
    11.684160593430189,
    9.820235076997996,
    8.089611201232813,
    6.63116083933771,
    5.833911615449547,
    5.183107063643218,
    4.65087552122883,
    4.159146353927107,
    3.7284209841951164,
    3.340419868750005,
    2.9908764037849855,
    2.6726150770195396,
    2.378238640737719,
    2.1143383473517714,
    1.8837190524079341,
    1.6705936034672426,
    1.4110217210663183,
    1.1681898681780445,
    0.9598687930829515,
    0.7866199622878247,
    0.6799621793568935,
    0.6029647429200917,
    0.5390089063743488,
    0.4821757242452378,
    0.41113657287783667,
    0.3424994043211953,
    0.28233636231036385,
    0.23171657454812333,
    0.18984395393596643,
    0.1554390713888898,
    0.1272410793504335,
    0.10415077477485202,
    0.08524864173547275,
    0.069776518622918,
    0.05711237149927495,
    0.04674668523836889,
    0.03826232637595073,
    0.03131784728022691,
    0.02563376664247663,
    0.020981441446378923,
    0.01717404298039238,
    0.014057970149759846,
    0.0115073077979444,
    0.009419271398890317,
    0.0077099546394334695,
    0.006310729680863325,
    0.005165393400192286,
    0.004227905701180923,
    0.003460559621665915,
    0.002832481254770869,
    0.002318396056681493,
    0.0018976152940410884,
    0.00155320471601339,
    0.0012713034476856677,
    0.0010405662785935021,
    0.0008517071051539205,
    0.000697125217021366,
    0.0005705994058704533,
    0.00046703759098498665,
    0.0003822718866333119,
    0.0003128908638796446,
    0.00025610225633698747,
    0.00020962058427365093,
    0.00017157517461896532,
    0.0001404348749787232,
    0.00011494643181464426,
    9.408405275834753e-05,
    7.700812321065342e-05,
    6.303141570196402e-05,
    5.159143216992845e-05,
    4.222776601103817e-05,
    3.456357281184097e-05,
    2.8290404116226853e-05,
    2.3155793804185976e-05,
    1.895309746835494e-05,
    1.5513175956272107e-05,
    1.2697588276822103e-05,
    1.0393020004606512e-05,
    8.506722890544438e-06
  ],
  "values": [
    -1.4500000000000002,
    -2.6572853125000004,
    -3.7330682650820313,
    -4.611461041570252,
    -5.455492064108091,
    -6.121064145943177,
    -6.786540783485469,
    -7.362148196449902,
    -7.837105790774316,
    -8.304310229360382,
    -8.701085880931723,
    -9.073680923327084,
    -9.410442310045205,
    -9.719130201722187,
    -10.002034780471375,
    -10.317189740533037,
    -10.587599104741576,
    -10.80098129736435,
    -10.98417561364851,
    -11.144697074355298,
    -11.313263029271251,
    -11.451586096751038,
    -11.55011193807498,
    -11.624596820287584,
    -11.683725966303701,
    -11.731524415645232,
    -11.770357722456536,
    -11.80193852916486,
    -11.759638521808528,
    -11.487553380370422,
    -11.020833020912448,
    -10.472081052121776,
    -9.933072145747428,
    -9.45089642150219,
    -9.039759848624353,
    -8.697260444303158,
    -8.414924081992794,
    -8.18320750744467,
    -7.993363553508704,
    -7.837924482119814,
    -7.710683402769381,
    -7.606532627994529,
    -7.521283986259056,
    -7.451507467636138,
    -7.394395096136863,
    -7.347648410898494,
    -7.309386084522544,
    -7.278068237242317,
    -7.25243447059984,
    -7.231453029153461,
    -7.214278986173069,
    -7.200221016023309,
    -7.1887137082253645,
    -7.179294436826474,
    -7.171584482187041,
    -7.165273752506177,
    -7.160108359105985,
    -7.155880453404804,
    -7.152419893783138,
    -7.149587412528367,
    -7.147269016471686,
    -7.145371401177645,
    -7.143818196461631,
    -7.142546893013946,
    -7.141506326735352,
    -7.140654619630198,
    -7.139957494413177,
    -7.1393868950073065,
    -7.1389198574163215,
    -7.138537585529688,
    -7.138224694665809,
    -7.137968592409472,
    -7.137758971825198,
    -7.137587396650579,
    -7.1374469617756,
    -7.137332015343786,
    -7.137237931291027,
    -7.137160923167817,
    -7.137097891752115,
    -7.137046300319945,
    -7.137004072553934,
    -7.136969508981122,
    -7.136941218577006,
    -7.136918062783201,
    -7.136899109685733,
    -7.136883596509777,
    -7.1368708989215,
    -7.136860505901495,
    -7.136851999178605
  ],
  "mean_values": [
    -0.6313096480628667,
    -0.3210081975793357,
    0.13889632230449106,
    1.131722673780131,
    2.5374543256918463,
    4.2357867015832875,
    6.2465419331263625,
    8.136716154520538,
    9.969408885921576,
    11.697389093158595,
    13.248013117609775,
    14.606631610650453,
    15.78590897216707,
    16.840993204122462,
    17.84342374286551,
    18.799218204157416,
    19.694892686456964,
    20.508557098975533,
    21.230731550324126,
    21.868732482250508,
    22.459743952684892,
    23.061377659653903,
    23.673812402137177,
    24.26270292122278,
    24.809706254465517,
    25.313453392111548,
    25.789051843048796,
    26.23844417719416,
    26.649827415415917,
    27.01550327307469,
    27.32826570982822,
    27.590200378803473,
    27.807041470067702,
    27.98546282683023,
    28.131834658549842,
    28.25175176650393,
    28.349939628694425,
    28.430317553605185,
    28.49611048104316,
    28.549963284452275,
    28.59404239236202,
    28.630121566093667,
    28.659652890646903,
    28.68382486978499,
    28.70361013879277,
    28.719804798954918,
    28.733060491781753,
    28.743910606061032,
    28.752791702376665,
    28.760061085190774,
    28.766011211764827,
    28.770881474264137,
    28.77486783291139,
    28.778130695635518,
    28.780801365892827,
    28.782987320892946,
    28.784776533360922,
    28.786241010194928,
    28.787439689626197,
    28.788420812913472,
    28.789223865729056,
    28.78988116724271,
    28.79041917080969,
    28.790859528593664,
    28.79121996296582,
    28.791514979748435,
    28.791756452007313,
    28.791954097887974,
    28.792115871726192,
    28.79224828417336,
    28.792356664220215,
    28.792445373664126,
    28.792517982651376,
    28.792577413359048,
    28.792626057599218,
    28.79266587307836,
    28.792698462186014,
    28.79272513648356,
    28.792746969488533,
    28.792764839878757,
    28.792779466855087,
    28.792791439085896,
    28.792801238398297,
    28.79280925916946,
    28.79281582419845,
    28.792821197697425,
    28.79282559592496,
    28.792829195889436,
    28.792832142472836
  ]
}