{
  "iterations": 93,
  "deltas": [
    77.74832566632503,
    38.32101668966672,
    32.71798278478597,
    27.91347494786571,
    24.37642663496307,
    21.828099086817783,
    19.49911146729595,
    17.379188639222996,
    15.456718761653772,
    13.719288423575744,
    12.148986979454275,
    10.823495057568339,
    9.702853059348103,
    8.716422166960747,
    7.342902354224993,
    6.053122480117892,
    4.95675030208583,
    4.049938074428162,
    3.3067728089118873,
    2.699482479040263,
    2.203622847595895,
    1.798828156456203,
    1.4683891737068393,
    1.1986502706444995,
    0.9784615548480176,
    0.7987208805158303,
    0.6519980677896768,
    0.5322278289627747,
    0.43445905117015116,
    0.3546501270113538,
    0.28950188113262243,
    0.2363211875476594,
    0.19290964005295308,
    0.15747267357417627,
    0.1285453796699585,
    0.10493194952142915,
    0.08565624107721703,
    0.06992142687656866,
    0.057077054455923815,
    0.046592157667390666,
    0.03803330737365229,
    0.03104669416914163,
    0.02534350245593231,
    0.020687971261402538,
    0.016887648250616394,
    0.013785434049161438,
    0.01125308800281033,
    0.009185926910028286,
    0.0074984975835548084,
    0.006121044349818305,
    0.004996625459277482,
    0.004078759204077187,
    0.0033295024372890225,
    0.0027178820629956135,
    0.0022186146570746246,
    0.0018110612905886114,
    0.0014783743485082823,
    0.001206801076108377,
    0.000985115061489239,
    0.0008041521536483742,
    0.0006564316307304807,
    0.0005358469585985404,
    0.00043741335670688386,
    0.00035706173480321013,
    0.0002914704832406301,
    0.00023792816291745567,
    0.0001942214184893487,
    0.0001585434819375564,
    0.00012941948350686516,
    0.00010564548292535392,
    8.623870036927883e-05,
    7.039689003107696e-05,
    5.7465176283244546e-05,
    4.690898261117127e-05,
    3.829193246929208e-05,
    3.125781056212418e-05,
    2.551583734344831e-05,
    2.082864868668821e-05,
    1.700248364500112e-05,
    1.3879174474595857e-05,
    1.1329608589960571e-05,
    9.248390874461165e-06,
    7.549487087032958e-06,
    6.162667240516839e-06,
    5.030602331146383e-06,
    4.106494635891522e-06,
    3.3521429259053548e-06,
    2.7363635481947313e-06,
    2.233701131615362e-06,
    1.8233764436104138e-06,
    1.4884272729887016e-06,
    1.2150072521421862e-06,
    9.918138133002685e-07
  ],
  "values": [
    -1.3,
    -2.3667587500000002,
    -3.2301634364921874,
    -4.085197832765393,
    -4.862580132186958,
    -5.5500115719422825,
    -6.1650452101416295,
    -6.716109617059332,
    -7.1789766530052415,
    -7.5807616914769715,
    -7.937603271641657,
    -0.4857619579927241,
    9.006689229109387,
    17.723111396070134,
    25.066013750295127,
    31.11913623041302,
    36.07588653249885,
    40.12582460692701,
    43.4325974158389,
    46.13207989487916,
    48.33570274247506,
    50.13453089893126,
    51.6029200726381,
    52.8015703432826,
    53.780031898130616,
    54.57875277864645,
    55.23075084643612,
    55.7629786753989,
    56.19743772656905,
    56.5520878535804,
    56.841589734713025,
    57.077910922260685,
    57.27082056231364,
    57.428293235887814,
    57.55683861555777,
    57.6617705650792,
    57.74742680615642,
    57.81734823303299,
    57.87442528748891,
    57.9210174451563,
    57.959050752529954,
    57.990097446699096,
    58.01544094915503,
    58.03612892041643,
    58.05301656866705,
    58.06680200271621,
    58.07805509071902,
    58.08724101762905,
    58.0947395152126,
    58.10086055956242,
    58.1058571850217,
    58.109935944225775,
    58.113265446663064,
    58.11598332872606,
    58.118201943383134,
    58.12001300467372,
    58.12149137902223,
    58.12269818009834,
    58.12368329515983,
    58.12448744731348,
    58.12514387894421,
    58.125679725902806,
    58.12611713925951,
    58.126474200994316,
    58.12676567147756,
    58.127003599640474,
    58.127197821058964,
    58.1273563645409,
    58.12748578402441,
    58.12759142950733,
    58.1276776682077,
    58.127748065097734,
    58.12780553027402,
    58.12785243925663,
    58.1278907311891,
    58.12792198899966,
    58.127947504837,
    58.12796833348569,
    58.127985335969335,
    58.12799921514381,
    58.1280105447524,
    58.128019793143274,
    58.12802734263036,
    58.1280335052976,
    58.12803853589993,
    58.12804264239457,
    58.128045994537494,
    58.12804873090104,
    58.128050964602174,
    58.12805278797862,
    58.12805427640589,
    58.12805549141314,
    58.128056483226956
  ],
  "mean_values": [
    2.703852769304496,
    5.916481979079016,
    9.397267870460722,
    13.081430179105888,
    17.0374450949612,
    21.14396591479614,
    25.198799938454087,
    29.353076070821583,
    33.59057949878693,
    37.94175085088873,
    42.27381833832247,
    46.29437668970436,
    49.831879259833194,
    52.887095310070805,
    55.50738933675624,
    57.68386304328551,
    59.46574845517028,
    60.91868692738649,
    62.103112418774224,
    63.06922034306222,
    63.85759247027379,
    64.50106157279819,
    65.02630470169508,
    65.45505636087567,
    65.8050461350947,
    66.09074343593552,
    66.32395886269018,
    66.51433324626709,
    66.66973637975151,
    66.79659238745948,
    66.90014529783797,
    66.984675825417,
    67.0536783292416,
    67.11000526426366,
    67.15598509735908,
    67.19351856248832,
    67.22415723404866,
    67.2491676665187,
    67.269583751828,
    67.28624945882268,
    67.29985372160985,
    67.31095891900958,
    67.32002412241064,
    67.32742407305939,
    67.33346467327333,
    67.33839563196167,
    67.3424207871987,
    67.34570653256921,
    67.34838869561732,
    67.35057815274365,
    67.3523654126611,
    67.35382435788279,
    67.35501529890882,
    67.35598746736754,
    67.35678105117348,
    67.35742885583267,
    67.3579576605705,
    67.35838932534291,
    67.35874169449241,
    67.35902933440529,
    67.359264135663,
    67.35945580458011,
    67.3596122644481,
    67.35973998307178,
    67.35984424013809,
    67.35992934547014,
    67.35999881718844,
    67.36005552714454,
    67.36010181963881,
    67.36013960833012,
    67.3601704553435,
    67.36019563584601,
    67.36021619075994,
    67.36023296979313,
    67.36024666656441,
    67.36025784727674,
    67.36026697412319,
    67.36027442439322,
    67.3602805060693,
    67.36028547055832,
    67.36028952308448,
    67.3602928311728,
    67.36029553157445,
    67.3602977359198,
    67.36029953533301,
    67.36030100419902,
    67.36030220323839,
    67.36030318201756,
    67.3603039809977,
    67.3603046332074,
    67.36030516560801,
    67.36030560020808,
    67.36030595497333
  ]
}