{
  "iterations": 187,
  "deltas": [
    81.33143211926746,
    40.32391186248678,
    35.581872328956486,
    33.555495198694686,
    31.51212926253267,
    29.686219494573912,
    28.14538186102505,
    26.652704498021002,
    25.205372088128065,
    23.802234659605865,
    22.443238926740765,
    21.128998144324886,
    19.96938210314989,
    18.93413690445695,
    17.938501927899026,
    16.981101480476433,
    16.060782529329607,
    15.176570227073178,
    14.32762420587143,
    13.51318344755149,
    12.791604777435332,
    11.765641286444719,
    10.710719628785888,
    9.717138391507525,
    8.806512461223363,
    7.978830879417316,
    7.228350396533216,
    6.548321000042435,
    5.932236195206272,
    5.374107569463078,
    4.868488471155217,
    4.41043988416385,
    3.9954864403684383,
    3.6195736162461856,
    3.2790283108829215,
    2.97052299574824,
    2.6910432089549374,
    2.43785810201652,
    2.2084937565410314,
    2.000709011178344,
    1.8124735628321673,
    1.6419481281941444,
    1.4874664717687267,
    1.347519124778728,
    1.22073863586661,
    1.1058862094757842,
    1.0018396013496442,
    0.9075821528762447,
    0.8221928571300623,
    0.7448373595417763,
    0.6747598052672856,
    0.6112754535895419,
    0.5537639871910187,
    0.5016634509187838,
    0.45446476081704645,
    0.4117067297729875,
    0.37297156117369923,
    0.33788076653758026,
    0.3060914672334718,
    0.2772930441506105,
    0.25120410258168135,
    0.22756972266356001,
    0.20615896850779336,
    0.18676263168364926,
    0.16919118700440094,
    0.15327294064078956,
    0.13885235246931416,
    0.12578851626193455,
    0.11395378286331947,
    0.10323251290935787,
    0.09351994689257026,
    0.08472118153781594,
    0.07675024248464979,
    0.06952924421651119,
    0.0629876290265372,
    0.05706147758530733,
    0.05169288437321029,
    0.04682939187540569,
    0.04242347800874313,
    0.03843209177577478,
    0.0348162326050101,
    0.03154056926891258,
    0.02857309465639446,
    0.025884813025669473,
    0.023449456680509684,
    0.021243229304559463,
    0.01924457344307484,
    0.017433959860454706,
    0.01579369671762265,
    0.014307756700219443,
    0.012961620414387198,
    0.011742134514037161,
    0.01063738317711227,
    0.009636571674747074,
    0.008729920892506016,
    0.007908571778756368,
    0.007164498779445694,
    0.006490431420274945,
    0.0058797832642198955,
    0.0053265875556860465,
    0.004825438917436031,
    0.004371440533333271,
    0.00396015630144575,
    0.0035875674877843267,
    0.0032500334583005497,
    0.0029442561055361693,
    0.0026672476224405273,
    0.0024163013084432805,
    0.0021889651202116056,
    0.0019830177142523553,
    0.0017964467404851803,
    0.0016274291793649809,
    0.0014743135290871123,
    0.0013356036684797346,
    0.0012099442378143976,
    0.001096107395483159,
    0.0009929808208539725,
    0.0008995568452689895,
    0.000814922605513857,
    0.0007382511250000334,
    0.000668793232449616,
    0.0006058702419409201,
    0.0005488673216120787,
    0.0004972274850274516,
    0.0004504461498981982,
    0.0004080662074272823,
    0.00036967355504202715,
    0.00033489305116063406,
    0.00030338484918956965,
    0.00027484107664577095,
    0.00024898282688923246,
    0.00022555743424845787,
    0.00020433600508340533,
    0.00018511118054220788,
    0.0001676951116280634,
    0.00015191762250310603,
    0.00013762454864263418,
    0.00012467622954659419,
    0.00011294614495227506,
    0.00010231967800677921,
    9.2692995536936e-05,
    8.397203333743164e-05,
    7.607157735378678e-05,
    6.891443095469185e-05,
    6.243066010824805e-05,
    5.655691066408508e-05,
    5.123578938537321e-05,
    4.641530227900148e-05,
    4.204834786492029e-05,
    3.809225549389339e-05,
    3.450836956631065e-05,
    3.126167140976577e-05,
    2.8320436598505694e-05,
    2.565592617997936e-05,
    2.3242104560949883e-05,
    2.1055385872159604e-05,
    1.907440295667584e-05,
    1.727979983456862e-05,
    1.565404068060161e-05,
    1.4181240175048515e-05,
    1.2847007099026087e-05,
    1.1638304499683727e-05,
    1.0543321934619598e-05,
    9.551360136583753e-06,
    8.65272645000914e-06,
    7.838640101454075e-06,
    7.101146593413432e-06,
    6.433039686726261e-06,
    5.827791198953491e-06,
    5.2794872544836835e-06,
    4.7827698779201455e-06,
    4.332785948690798e-06,
    3.925138486238211e-06,
    3.5558444437810977e-06,
    3.2212950884513702e-06,
    2.918221497338891e-06,
    2.643662412538106e-06,
    2.394935165739298e-06,
    2.169609160773689e-06,
    1.9654828804505087e-06,
    1.7805615755150939e-06,
    1.6130386200075009e-06,
    1.4612769518862478e-06,
    1.323793640040094e-06,
    1.199245247107683e-06,
    1.0864150681300089e-06,
    9.842003692028811e-07
  ],