{
  "iterations": 99,
  "deltas": [
    29.896484375,
    16.2068115234375,
    12.033341571807858,
    9.881695063380004,
    8.478771759732867,
    7.385051414421415,
    6.342435426087469,
    5.409246726531599,
    4.592512074389205,
    3.8872150924529407,
    3.2840428259533425,
    2.771337133815372,
    2.3371199905931803,
    1.9701698261002036,
    1.6604585263857459,
    1.3992506980659982,
    1.179044721612449,
    0.9934505332518597,
    0.8370502039063723,
    0.7052623439103769,
    0.5942189177273463,
    0.5006570722604664,
    0.42182585832361497,
    0.3554065988997479,
    0.29944529144289334,
    0.2522954101438728,
    0.21256959710567003,
    0.17909890397342565,
    0.15089842460838554,
    0.1271383266104067,
    0.10711943832330917,
    0.09025267720048191,
    0.07604171615776067,
    0.06406837874546056,
    0.05398033376765454,
    0.04548072741283704,
    0.038319447872240175,
    0.03228576541589234,
    0.027202131354954417,
    0.02291895341377881,
    0.01931019376679899,
    0.016269660203121816,
    0.013707881279103162,
    0.011549473503876584,
    0.009730923083324683,
    0.008198716945798878,
    0.006907768052769825,
    0.005820088656363964,
    0.004903672462845066,
    0.004131552807663752,
    0.0034810091284356304,
    0.0029328983842589196,
    0.0024710917483901085,
    0.002081999997727735,
    0.001754173633486289,
    0.0014779659653498811,
    0.0012452492462102782,
    0.001049175503112565,
    0.000883975027235806,
    0.0007447865933301046,
    0.0006275144122014353,
    0.0005287076070459307,
    0.0004454586672864025,
    0.0003753178914109867,
    0.0003162213016878468,
    0.0002664299089758515,
    0.00022447854087204178,
    0.00018913272727161257,
    0.00015935237458108986,
    0.00013426115958736773,
    0.00011312074275338091,
    9.530904159760212e-05,
    8.030192508101663e-05,
    6.765779052386733e-05,
    5.70045688874643e-05,
    4.802877609222378e-05,
    4.046628855292056e-05,
    3.409457085012946e-05,
    2.872612743942682e-05,
    2.4202985301258195e-05,
    2.0392045499306732e-05,
    1.7181166484192545e-05,
    1.4475864190899301e-05,
    1.2196531855579451e-05,
    1.0276097341943569e-05,
    8.658049480914087e-06,
    7.294775258515074e-06,
    6.146158710862437e-06,
    5.178400385830173e-06,
    4.363022782172266e-06,
    3.6760324491069696e-06,
    3.0972138205243027e-06,
    2.609534504927069e-06,
    2.198643912265652e-06,
    1.8524511062878446e-06,
    1.5607689221042165e-06,
    1.3150142450513158e-06,
    1.1079554980142348e-06,
    9.334996775578475e-07
  ],
  "values": [
    -2.5,
    -4.43359375,
    4.070763549804688,
    13.433759237813947,
    21.912530997546813,
    29.29758241196823,
    35.6400178380557,
    41.0492645645873,
    45.6417766389765,
    49.52899173142944,
    52.813034557382785,
    55.58437169119816,
    57.92149168179134,
    59.89166150789154,
    61.55212003427729,
    62.951370732343285,
    64.13041545395573,
    65.1238659872076,
    65.96091619111397,
    66.66617853502434,
    67.26039745275169,
    67.76105452501216,
    68.18288038333577,
    68.53828698223552,
    68.83773227367841,
    69.09002768382229,
    69.30259728092796,
    69.48169618490138,
    69.63259460950977,
    69.75973293612017,
    69.86685237444348,
    69.95710505164396,
    70.03314676780172,
    70.09721514654719,
    70.15119548031484,
    70.19667620772768,
    70.23499565559992,
    70.26728142101581,
    70.29448355237076,
    70.31740250578454,
    70.33671269955134,
    70.35298235975446,
    70.36669024103357,
    70.37823971453744,
    70.38797063762077,
    70.39616935456657,
    70.40307712261934,
    70.4088972112757,
    70.41380088373855,
    70.41793243654621,
    70.42141344567465,
    70.4243463440589,
    70.4268174358073,
    70.42889943580502,
    70.43065360943851,
    70.43213157540386,
    70.43337682465007,
    70.43442600015318,
    70.43530997518042,
    70.43605476177375,
    70.43668227618595,
    70.437210983793,
    70.43765644246028,
    70.43803176035169,
    70.43834798165338,
    70.43861441156236,
    70.43883889010323,
    70.4390280228305,
    70.43918737520508,
    70.43932163636467,
    70.43943475710742,
    70.43953006614902,
    70.4396103680741,
    70.43967802586462,
    70.43973503043351,
    70.4397830592096,
    70.43982352549816,
    70.439857620069,
    70.43988634619645,
    70.43991054918175,
    70.43993094122725,
    70.43994812239373,
    70.43996259825792,
    70.43997479478978,
    70.43998507088712,
    70.4399937289366,
    70.44000102371186,
    70.44000716987057,
    70.44001234827095,
    70.44001671129374,
    70.44002038732619,
    70.44002348454,
    70.44002609407451,
    70.44002829271842,
    70.44003014516953,
    70.44003170593845,
    70.4400330209527,
    70.4400341289082,
    70.44003506240787
  ],
  "mean_values": [
    -0.8323356487076425,
    -0.7905299063436053,
    -0.017541478023996672,
    1.1026026277518597,
    2.469242549152384,
    3.9814542223996874,
    5.525531493950307,
    7.020216802190008,
    8.42252712808551,
    9.71094613461616,
    10.881790326099775,
    11.941149862684945,
    12.891910356922486,
    13.736028484736686,
    14.478412763508093,
    15.126221103458944,
    15.687865605674462,
    16.17223119081204,
    16.588134397119344,
    16.943975978441173,
    17.247537110856832,
    17.505877443755534,
    17.725302684662356,
    17.911377599559277,
    18.068966912662496,
    18.20229172491704,
    18.314992961735157,
    18.410196239430018,
    18.49057461945478,
    18.558407184660233,
    18.615632375834302,
    18.66389569296116,
    18.704591789828406,
    18.738901245497296,
    18.76782243551019,
    18.792198988458818,
    18.812743327250075,
    18.830056778210228,
    18.844646698037298,
    18.856941027125437,
    18.86730063344692,
    18.876029767371346,
    18.8833849064875,
    18.88958223168872,
    18.89480394190415,
    18.899203584947596,
    18.902910555838176,
    18.906033891327514,
    18.908665469901262,
    18.910882709848597,
    18.912750843763725,
    18.914324835735165,
    18.91565099719727,
    18.916768348704473,
    18.917709767512186,
    18.918502954610908,
    18.919171249589997,
    18.919734317257646,
    18.920208726187983,
    18.92060843619797,
    18.92094520908444,
    18.921228954698574,
    18.92146802253549,
    18.921669447415507,
    18.921839156484047,
    18.921982143619786,
    18.922102616382176,
    18.922204119821807,
    18.922289640796404,
    18.92236169586184,
    18.92242240532428,
    18.922473555632386,
    18.922516651945482,
    18.92255296242458,
    18.92258355554942,
    18.92260933155977,
    18.922631048945988,
    18.922649346768544,
    18.922664763463093,
    18.92267775268462,
    18.922688696656763,
    18.922697917419224,
    18.922705686304155,
    18.922712231920464,
    18.922717746880867,
    18.92272239346979,
    18.922726308418778,
    18.92272960692997,
    18.922732386066077,
    18.922734727606564,
    18.92273670045411,
    18.92273836266215,
    18.9227397631432,
    18.9227409431081,
    18.922741937278758,
    18.922742774909867,
    18.922743480649736,
    18.92274407526562,
    18.922744576254814
  ]
}