{
  "iterations": 182,
  "deltas": [
    45.996954218750005,
    40.33991768378908,
    35.37105478075538,
    33.50321390503489,
    30.532975667412643,
    27.715150813529846,
    25.140063057118837,
    22.801565701484577,
    20.680178771265275,
    18.756102144166192,
    17.011033347896813,
    15.428324851467607,
    13.992871604510555,
    12.690973087597627,
    11.510203368622115,
    10.439292611283065,
    9.468019524367264,
    8.587113806625212,
    7.788167666759591,
    7.0635555754207076,
    6.406361483459989,
    5.810312811804295,
    5.269720582920627,
    4.77942512245437,
    4.334746812797448,
    3.931441428547487,
    3.5656596275629795,
    3.2339102109757505,
    2.9330268014956573,
    2.660137621970705,
    2.4126380857534286,
    2.188165937262852,
    1.9845787054723587,
    1.799933255126291,
    1.632467240516121,
    1.480582284797947,
    1.3428287243082764,
    1.2178917722720826,
    1.1045789698401336,
    1.001808804683094,
    0.9086003885132072,
    0.8240640950122042,
    0.7473930688050814,
    0.6778555244413837,
    0.6147877618806206,
    0.5575878318165337,
    0.5057097903816157,
    0.45865848839395085,
    0.4159848454134476,
    0.3772815634993094,
    0.3421792397629133,
    0.3103428406063813,
    0.2814685039991218,
    0.25528063927202993,
    0.2315292967464302,
    0.20998778209235525,
    0.1904504926491768,
    0.1727309550530549,
    0.1566600454456193,
    0.14208437527298656,
    0.12886482727174098,
    0.11687522766573011,
    0.10600114190265231,
    0.09613878243573026,
    0.08719401812396654,
    0.07908147579979641,
    0.07172372542544281,
    0.06505054106384023,
    0.05899823060786957,
    0.053509027871655235,
    0.04853054124276923,
    0.044015253631300766,
    0.03992006894213773,
    0.03620590074746133,
    0.03283729922503653,
    0.029782112808391048,
    0.027011181317277533,
    0.024498057637629245,
    0.022218755298752058,
    0.020151519533897044,
    0.01827661964239269,
    0.016576160670695117,
    0.015033912613887424,
    0.01363515550883676,
    0.012366538939204474,
    0.011215954613419399,
    0.010172420796948245,
    0.009225977497010263,
    0.008367591399633056,
    0.0075890696517717515,
    0.006882981664716681,
    0.006242588191867071,
    0.0056617770077309615,
    0.0051350045686149315,
    0.004657243102826669,
    0.004223932623517612,
    0.003830937405439272,
    0.0034745065112247175,
    0.0031512379919718114,
    0.002858046416065463,
    0.002592133420932896,
    0.002350961003969587,
    0.0021322272989436897,
    0.0019338446049914637,
    0.00175391946174841,
    0.0015907345760979297,
    0.0014427324327925817,
    0.0013085004271715661,
    0.0011867573842323509,
    0.001076341329223851,
    0.000976198397609096,
    0.000885372776906479,
    0.0008029975834347169,
    0.0007282865879574274,
    0.0006605267129771164,
    0.0005990712251673358,
    0.0005433335635984804,
    0.0004927817411157775,
    0.0004469332664598369,
    0.00040535053949497524,
    0.0003676366748095461,
    0.0003334317127041686,
    0.0003024091844281429,
    0.0002742729963074453,
    0.00024875460252360426,
    0.000225610443237656,
    0.00020461961941009577,
    0.00018558178453531582,
    0.00016831523225846468,
    0.00015265516196905082,
    0.00013845210662566387,
    0.00012557050536088354,
    0.0001138874100661269,
    0.00010329131112030154,
    9.368107458840313e-05,
    8.496497565602112e-05,
    7.705982375227904e-05,
    6.989016827674277e-05,
    6.33875782227733e-05,
    5.7489989899295324e-05,
    5.21411143381556e-05,
    4.728989830482533e-05,
    4.289004033353194e-05,
    3.8899545756976295e-05,
    3.528032709709805e-05,
    3.1997840892472595e-05,
    2.902075800648163e-05,
    2.632066298247082e-05,
    2.38717851743786e-05,
    2.165075130733385e-05,
    1.9636362651453965e-05,
    1.7809393114021077e-05,
    1.6152404896274675e-05,
    1.4649583079062722e-05,
    1.3286584135130397e-05,
    1.2050398652263539e-05,
    1.092922809675656e-05,
    9.91237141079182e-06,
    8.990123035346187e-06,
    8.153680880695902e-06,
    7.39506145919222e-06,
    6.707023999297235e-06,
    6.083001721890469e-06,
    5.51703840301343e-06,
    5.003732496788871e-06,
    4.538184498414921e-06,
    4.115951298899745e-06,
    3.733002586159273e-06,
    3.38568361257785e-06,
    3.0706791562806757e-06,
    2.784982825687621e-06,
    2.5258678419959324e-06,
    2.2908606069904636e-06,
    2.0777187046405743e-06,
    1.8844074816115608e-06,
    1.7090818573706201e-06,
    1.5500688732572598e-06,
    1.4058500141800323e-06,
    1.2750497262459248e-06,
    1.15641893216889e-06,
    1.048825538418896e-06,
    9.512427254776412e-07
  ],