{
  "iterations": 94,
  "deltas": [
    89.6,
    45.0,
    40.5,
    36.45,
    32.80500000000001,
    29.524500000000003,
    26.572050000000004,
    23.914845000000007,
    21.523360500000003,
    19.371024450000004,
    17.433922005000003,
    15.690529804500004,
    14.121476824050003,
    12.709329141645004,
    11.438396227480503,
    10.294556604732453,
    9.26510094425921,
    7.33795994785329,
    5.943747557761169,
    4.814435521786551,
    3.899692772647107,
    3.1587511458441497,
    2.558588428133774,
    2.0724566267883375,
    1.6786898676985516,
    1.3597387928358486,
    1.1013884221970187,
    0.8921246219796046,
    0.7226209438034701,
    0.5853229644808025,
    0.4741116012294526,
    0.3840303969958683,
    0.3110646215666293,
    0.25196234346900326,
    0.20408949820986777,
    0.16531249354999744,
    0.1339031197755034,
    0.10846152701815726,
    0.0878538368846975,
    0.0711616078766042,
    0.057640902380072134,
    0.04668913092783811,
    0.03781819605155334,
    0.030632738801777748,
    0.024812518429406794,
    0.020098139927846148,
    0.016279493341521345,
    0.013186389606680393,
    0.010680975581379926,
    0.008651590220942751,
    0.007007788078929877,
    0.005676308343950609,
    0.0045978097585859246,
    0.0037242259044631965,
    0.0030166229826207314,
    0.0024434646159292583,
    0.0019792063389019177,
    0.0016031571344896633,
    0.0012985572789432354,
    0.0010518313959551051,
    0.000851983430720793,
    0.000690106578879579,
    0.0005589863289046093,
    0.00045277892640882555,
    0.0003667509303753036,
    0.00029706825360875655,
    0.00024062528544277484,
    0.00019490648119102616,
    0.00015787424977276032,
    0.00012787814231529637,
    0.0001035812952636661,
    8.390084917664353e-05,
    6.795968781858619e-05,
    5.5047347139236535e-05,
    4.458835117304716e-05,
    3.611656447333189e-05,
    2.9254417221125095e-05,
    2.3696077938950566e-05,
    1.9193823135310595e-05,
    1.5546996706916616e-05,
    1.2593067381772016e-05,
    1.0200384558345377e-05,
    8.262311496309849e-06,
    6.692472318547971e-06,
    5.420902581931841e-06,
    4.390931081843519e-06,
    3.55665417828277e-06,
    2.8808898662191496e-06,
    2.3335208041430633e-06,
    1.8901518643588133e-06,
    1.531022988388031e-06,
    1.240128618462677e-06,
    1.004504206036927e-06,
    8.136483913290249e-07
  ],
  "values": [
    -1.0,
    -1.9,
    -2.71,
    -3.439,
    -4.0951,
    -4.68559,
    -5.217031,
    -5.6953279000000006,
    -6.12579511,
    -6.5132155990000005,
    -6.861894039100001,
    -7.175704635190001,
    -7.458134171671,
    -7.7123207545039,
    -7.94108867905351,
    -8.14697981114816,
    1.1181211331110488,
    8.456081080964339,
    14.399828638725507,
    19.21426416051206,
    23.113956933159166,
    26.272708079003316,
    28.83129650713709,
    30.903753133925427,
    32.58244300162398,
    33.94218179445983,
    35.043570216656846,
    35.93569483863645,
    36.65831578243992,
    37.24363874692072,
    37.717750348150176,
    38.101780745146044,
    38.41284536671267,
    38.66480771018168,
    38.868897208391544,
    39.03420970194154,
    39.168112821717045,
    39.2765743487352,
    39.3644281856199,
    39.435589793496504,
    39.493230695876576,
    39.539919826804415,
    39.57773802285597,
    39.608370761657746,
    39.63318328008715,
    39.653281420015,
    39.66956091335652,
    39.6827473029632,
    39.69342827854458,
    39.70207986876552,
    39.70908765684445,
    39.7147639651884,
    39.71936177494699,
    39.72308600085145,
    39.72610262383407,
    39.72854608845,
    39.730525294788904,
    39.732128451923394,
    39.73342700920234,
    39.73447884059829,
    39.73533082402901,
    39.73602093060789,
    39.7365799169368,
    39.737032695863206,
    39.73739944679358,
    39.73769651504719,
    39.73793714033263,
    39.738132046813824,
    39.7382899210636,
    39.73841779920591,
    39.738521380501176,
    39.73860528135035,
    39.73867324103817,
    39.73872828838531,
    39.73877287673648,
    39.73880899330096,
    39.73883824771818,
    39.73886194379612,
    39.73888113761925,
    39.73889668461596,
    39.73890927768334,
    39.7389194780679,
    39.738927740379395,
    39.738934432851714,
    39.738939853754296,
    39.73894424468538,
    39.738947801339556,
    39.73895068222942,
    39.738953015750226,
    39.73895490590209,
    39.73895643692508,
    39.7389576770537,
    39.738958681557904,
    39.738959495206295
  ],
  "mean_values": [
    3.799292824427481,
    6.120019935877863,
    9.934371508993017,
    14.281207052617182,
    18.624968262096818,
    22.897092291592767,
    27.018950222770563,
    30.96063119206518,
    35.288841537022535,
    40.512257051366646,
    45.29407247642015,
    49.54580872866682,
    53.161947846767454,
    56.23738941333542,
    58.86054515899758,
    61.10442905758548,
    63.28954130244366,
    65.06123865900928,
    66.49631351782742,
    67.6587241534701,
    68.60027676834069,
    69.36293438638586,
    69.98068705700246,
    70.4810667202019,
    70.88637424739343,
    71.21467334441857,
    71.48059561300896,
    71.69599265056715,
    71.8704642509893,
    72.01178624733124,
    72.1262570643682,
    72.21897842616815,
    72.29408272922612,
    72.35491721470305,
    72.40419314793938,
    72.4441066538608,
    72.47643659365716,
    72.5026238448922,
    72.52383551839259,
    72.5410169739279,
    72.5549339529115,
    72.56620670588823,
    72.57533763579937,
    72.58273368902739,
    72.58872449214209,
    72.59357704266499,
    72.59750760858854,
    72.60069136698662,
    72.60327021128907,
    72.60535907517406,
    72.60705105492089,
    72.60842155851583,
    72.60953166642774,
    72.61043085383638,
    72.61115919563737,
    72.61174915249619,
    72.61222701755182,
    72.61261408824687,
    72.61292761550988,
    72.6131815725929,
    72.61338727783016,
    72.61355389907233,
    72.6136888622785,
    72.61379818247549,
    72.61388673183505,
    72.61395845681629,
    72.6140165540511,
    72.61406361281131,
    72.61410173040706,
    72.61413260565963,
    72.61415761461421,
    72.61417787186743,
    72.61419428024251,
    72.61420757102636,
    72.61421833656125,
    72.61422705664452,
    72.61423411991197,
    72.6142398411586,
    72.61424447536838,
    72.61424822907829,
    72.61425126958332,
    72.6142537323924,
    72.61425572726775,
    72.61425734311678,
    72.6142586519545,
    72.61425971211304,
    72.61426057084147,
    72.6142612664115,
    72.61426182982322,
    72.6142622861867,
    72.61426265584113,
    72.61426295526122,
    72.61426319779149,
    72.61426339424101
  ]
}